RID,SCENARIO,Choice_set,alt,CHOICE,x1,x2,x3,x4,choice_biogeme
5,4,4,1,1,3.0,1.8,1.0,10,1
5,4,4,2,0,1.7,5.5,0.2,0,1
5,4,4,3,0,6.0,1.8,0.5,5,1
5,4,4,4,0,0.0,0.0,0.0,0,1
5,5,5,1,1,4.5,1.8,0.5,0,1
5,5,5,2,0,3.0,5.5,0.2,10,1
5,5,5,3,0,4.5,1.8,1.0,5,1
5,5,5,4,0,0.0,0.0,0.0,0,1
5,6,6,1,0,3.0,3.6,0.2,0,2
5,6,6,2,1,3.0,0.8,0.5,10,2
5,6,6,3,0,6.0,3.6,1.0,5,2
5,6,6,4,0,0.0,0.0,0.0,0,2
21,4,10,1,0,6.0,1.8,0.5,0,3
21,4,10,2,0,3.0,1.8,0.2,10,3
21,4,10,3,1,3.0,5.5,1.0,5,3
21,4,10,4,0,0.0,0.0,0.0,0,3
21,5,11,1,0,6.0,3.6,1.0,5,3
21,5,11,2,0,4.5,1.8,0.2,10,3
21,5,11,3,1,1.7,3.6,0.5,0,3
21,5,11,4,0,0.0,0.0,0.0,0,3
21,6,12,1,0,4.5,0.8,0.2,0,3
21,6,12,2,0,6.0,3.6,0.5,10,3
21,6,12,3,1,1.7,5.5,1.0,0,3
21,6,12,4,0,0.0,0.0,0.0,0,3
43,4,1,1,0,6.0,0.8,0.5,10,2
43,4,1,2,1,1.7,5.5,1.0,5,2
43,4,1,3,0,6.0,3.6,0.2,0,2
43,4,1,4,0,0.0,0.0,0.0,0,2
43,5,2,1,0,6.0,3.6,0.5,5,3
43,5,2,2,0,4.5,0.8,1.0,0,3
43,5,2,3,1,1.7,3.6,0.2,10,3
43,5,2,4,0,0.0,0.0,0.0,0,3
43,6,3,1,0,1.7,5.5,0.2,5,3
43,6,3,2,0,6.0,1.8,1.0,5,3
43,6,3,3,1,3.0,1.8,0.5,5,3
43,6,3,4,0,0.0,0.0,0.0,0,3
47,4,13,1,0,4.5,0.8,1.0,5,2
47,4,13,2,1,4.5,3.6,0.5,0,2
47,4,13,3,0,1.7,5.5,0.2,10,2
47,4,13,4,0,0.0,0.0,0.0,0,2
47,5,14,1,0,1.7,5.5,0.2,10,3
47,5,14,2,0,6.0,0.8,0.5,5,3
47,5,14,3,1,3.0,3.6,1.0,0,3
47,5,14,4,0,0.0,0.0,0.0,0,3
47,6,15,1,1,1.7,3.6,0.2,0,1
47,6,15,2,0,3.0,5.5,1.0,10,1
47,6,15,3,0,6.0,0.8,0.5,10,1
47,6,15,4,0,0.0,0.0,0.0,0,1
50,4,1,1,0,6.0,0.8,0.5,10,2
50,4,1,2,1,1.7,5.5,1.0,5,2
50,4,1,3,0,6.0,3.6,0.2,0,2
50,4,1,4,0,0.0,0.0,0.0,0,2
50,5,2,1,0,6.0,3.6,0.5,5,2
50,5,2,2,1,4.5,0.8,1.0,0,2
50,5,2,3,0,1.7,3.6,0.2,10,2
50,5,2,4,0,0.0,0.0,0.0,0,2
50,6,3,1,0,1.7,5.5,0.2,5,3
50,6,3,2,0,6.0,1.8,1.0,5,3
50,6,3,3,1,3.0,1.8,0.5,5,3
50,6,3,4,0,0.0,0.0,0.0,0,3
49,4,16,1,0,4.5,3.6,0.5,10,2
49,4,16,2,1,1.7,3.6,1.0,5,2
49,4,16,3,0,6.0,1.8,0.2,0,2
49,4,16,4,0,0.0,0.0,0.0,0,2
49,5,17,1,0,6.0,1.8,0.2,10,2
49,5,17,2,1,1.7,3.6,1.0,0,2
49,5,17,3,0,4.5,3.6,0.5,5,2
49,5,17,4,0,0.0,0.0,0.0,0,2
49,6,18,1,1,1.7,3.6,1.0,0,1
49,6,18,2,0,6.0,3.6,0.5,5,1
49,6,18,3,0,4.5,0.8,0.2,10,1
49,6,18,4,0,0.0,0.0,0.0,0,1
52,4,13,1,0,4.5,0.8,1.0,5,2
52,4,13,2,1,4.5,3.6,0.5,0,2
52,4,13,3,0,1.7,5.5,0.2,10,2
52,4,13,4,0,0.0,0.0,0.0,0,2
52,5,14,1,0,1.7,5.5,0.2,10,3
52,5,14,2,0,6.0,0.8,0.5,5,3
52,5,14,3,1,3.0,3.6,1.0,0,3
52,5,14,4,0,0.0,0.0,0.0,0,3
52,6,15,1,0,1.7,3.6,0.2,0,3
52,6,15,2,0,3.0,5.5,1.0,10,3
52,6,15,3,1,6.0,0.8,0.5,10,3
52,6,15,4,0,0.0,0.0,0.0,0,3
51,4,4,1,1,3.0,1.8,1.0,10,1
51,4,4,2,0,1.7,5.5,0.2,0,1
51,4,4,3,0,6.0,1.8,0.5,5,1
51,4,4,4,0,0.0,0.0,0.0,0,1
51,5,5,1,1,4.5,1.8,0.5,0,1
51,5,5,2,0,3.0,5.5,0.2,10,1
51,5,5,3,0,4.5,1.8,1.0,5,1
51,5,5,4,0,0.0,0.0,0.0,0,1
51,6,6,1,0,3.0,3.6,0.2,0,2
51,6,6,2,1,3.0,0.8,0.5,10,2
51,6,6,3,0,6.0,3.6,1.0,5,2
51,6,6,4,0,0.0,0.0,0.0,0,2
54,4,7,1,1,3.0,5.5,1.0,10,1
54,4,7,2,0,4.5,1.8,0.5,5,1
54,4,7,3,0,4.5,0.8,0.2,0,1
54,4,7,4,0,0.0,0.0,0.0,0,1
54,5,8,1,1,6.0,0.8,1.0,5,1
54,5,8,2,0,3.0,3.6,0.2,0,1
54,5,8,3,0,3.0,5.5,0.5,10,1
54,5,8,4,0,0.0,0.0,0.0,0,1
54,6,9,1,0,3.0,5.5,0.5,5,3
54,6,9,2,0,4.5,3.6,0.2,0,3
54,6,9,3,1,3.0,0.8,1.0,10,3
54,6,9,4,0,0.0,0.0,0.0,0,3
56,4,10,1,0,6.0,1.8,0.5,0,3
56,4,10,2,0,3.0,1.8,0.2,10,3
56,4,10,3,1,3.0,5.5,1.0,5,3
56,4,10,4,0,0.0,0.0,0.0,0,3
56,5,11,1,0,6.0,3.6,1.0,5,3
56,5,11,2,0,4.5,1.8,0.2,10,3
56,5,11,3,1,1.7,3.6,0.5,0,3
56,5,11,4,0,0.0,0.0,0.0,0,3
56,6,12,1,0,4.5,0.8,0.2,0,3
56,6,12,2,0,6.0,3.6,0.5,10,3
56,6,12,3,1,1.7,5.5,1.0,0,3
56,6,12,4,0,0.0,0.0,0.0,0,3
55,4,16,1,0,4.5,3.6,0.5,10,2
55,4,16,2,1,1.7,3.6,1.0,5,2
55,4,16,3,0,6.0,1.8,0.2,0,2
55,4,16,4,0,0.0,0.0,0.0,0,2
55,5,17,1,0,6.0,1.8,0.2,10,2
55,5,17,2,1,1.7,3.6,1.0,0,2
55,5,17,3,0,4.5,3.6,0.5,5,2
55,5,17,4,0,0.0,0.0,0.0,0,2
55,6,18,1,1,1.7,3.6,1.0,0,1
55,6,18,2,0,6.0,3.6,0.5,5,1
55,6,18,3,0,4.5,0.8,0.2,10,1
55,6,18,4,0,0.0,0.0,0.0,0,1
58,4,7,1,1,3.0,5.5,1.0,10,1
58,4,7,2,0,4.5,1.8,0.5,5,1
58,4,7,3,0,4.5,0.8,0.2,0,1
58,4,7,4,0,0.0,0.0,0.0,0,1
58,5,8,1,0,6.0,0.8,1.0,5,2
58,5,8,2,1,3.0,3.6,0.2,0,2
58,5,8,3,0,3.0,5.5,0.5,10,2
58,5,8,4,0,0.0,0.0,0.0,0,2
58,6,9,1,1,3.0,5.5,0.5,5,1
58,6,9,2,0,4.5,3.6,0.2,0,1
58,6,9,3,0,3.0,0.8,1.0,10,1
58,6,9,4,0,0.0,0.0,0.0,0,1
59,4,16,1,0,4.5,3.6,0.5,10,2
59,4,16,2,1,1.7,3.6,1.0,5,2
59,4,16,3,0,6.0,1.8,0.2,0,2
59,4,16,4,0,0.0,0.0,0.0,0,2
59,5,17,1,0,6.0,1.8,0.2,10,2
59,5,17,2,1,1.7,3.6,1.0,0,2
59,5,17,3,0,4.5,3.6,0.5,5,2
59,5,17,4,0,0.0,0.0,0.0,0,2
59,6,18,1,1,1.7,3.6,1.0,0,1
59,6,18,2,0,6.0,3.6,0.5,5,1
59,6,18,3,0,4.5,0.8,0.2,10,1
59,6,18,4,0,0.0,0.0,0.0,0,1
64,4,7,1,1,3.0,5.5,1.0,10,1
64,4,7,2,0,4.5,1.8,0.5,5,1
64,4,7,3,0,4.5,0.8,0.2,0,1
64,4,7,4,0,0.0,0.0,0.0,0,1
64,5,8,1,0,6.0,0.8,1.0,5,3
64,5,8,2,0,3.0,3.6,0.2,0,3
64,5,8,3,1,3.0,5.5,0.5,10,3
64,5,8,4,0,0.0,0.0,0.0,0,3
64,6,9,1,0,3.0,5.5,0.5,5,3
64,6,9,2,0,4.5,3.6,0.2,0,3
64,6,9,3,1,3.0,0.8,1.0,10,3
64,6,9,4,0,0.0,0.0,0.0,0,3
69,4,1,1,0,6.0,0.8,0.5,10,2
69,4,1,2,1,1.7,5.5,1.0,5,2
69,4,1,3,0,6.0,3.6,0.2,0,2
69,4,1,4,0,0.0,0.0,0.0,0,2
69,5,2,1,0,6.0,3.6,0.5,5,3
69,5,2,2,0,4.5,0.8,1.0,0,3
69,5,2,3,1,1.7,3.6,0.2,10,3
69,5,2,4,0,0.0,0.0,0.0,0,3
69,6,3,1,1,1.7,5.5,0.2,5,1
69,6,3,2,0,6.0,1.8,1.0,5,1
69,6,3,3,0,3.0,1.8,0.5,5,1
69,6,3,4,0,0.0,0.0,0.0,0,1
71,4,16,1,0,4.5,3.6,0.5,10,2
71,4,16,2,1,1.7,3.6,1.0,5,2
71,4,16,3,0,6.0,1.8,0.2,0,2
71,4,16,4,0,0.0,0.0,0.0,0,2
71,5,17,1,0,6.0,1.8,0.2,10,2
71,5,17,2,1,1.7,3.6,1.0,0,2
71,5,17,3,0,4.5,3.6,0.5,5,2
71,5,17,4,0,0.0,0.0,0.0,0,2
71,6,18,1,1,1.7,3.6,1.0,0,1
71,6,18,2,0,6.0,3.6,0.5,5,1
71,6,18,3,0,4.5,0.8,0.2,10,1
71,6,18,4,0,0.0,0.0,0.0,0,1
82,4,13,1,0,4.5,0.8,1.0,5,4
82,4,13,2,0,4.5,3.6,0.5,0,4
82,4,13,3,0,1.7,5.5,0.2,10,4
82,4,13,4,1,0.0,0.0,0.0,0,4
82,5,14,1,0,1.7,5.5,0.2,10,4
82,5,14,2,0,6.0,0.8,0.5,5,4
82,5,14,3,0,3.0,3.6,1.0,0,4
82,5,14,4,1,0.0,0.0,0.0,0,4
82,6,15,1,0,1.7,3.6,0.2,0,4
82,6,15,2,0,3.0,5.5,1.0,10,4
82,6,15,3,0,6.0,0.8,0.5,10,4
82,6,15,4,1,0.0,0.0,0.0,0,4
67,4,4,1,1,3.0,1.8,1.0,10,1
67,4,4,2,0,1.7,5.5,0.2,0,1
67,4,4,3,0,6.0,1.8,0.5,5,1
67,4,4,4,0,0.0,0.0,0.0,0,1
67,5,5,1,1,4.5,1.8,0.5,0,1
67,5,5,2,0,3.0,5.5,0.2,10,1
67,5,5,3,0,4.5,1.8,1.0,5,1
67,5,5,4,0,0.0,0.0,0.0,0,1
67,6,6,1,0,3.0,3.6,0.2,0,2
67,6,6,2,1,3.0,0.8,0.5,10,2
67,6,6,3,0,6.0,3.6,1.0,5,2
67,6,6,4,0,0.0,0.0,0.0,0,2
72,4,13,1,0,4.5,0.8,1.0,5,2
72,4,13,2,1,4.5,3.6,0.5,0,2
72,4,13,3,0,1.7,5.5,0.2,10,2
72,4,13,4,0,0.0,0.0,0.0,0,2
72,5,14,1,0,1.7,5.5,0.2,10,2
72,5,14,2,1,6.0,0.8,0.5,5,2
72,5,14,3,0,3.0,3.6,1.0,0,2
72,5,14,4,0,0.0,0.0,0.0,0,2
72,6,15,1,0,1.7,3.6,0.2,0,2
72,6,15,2,1,3.0,5.5,1.0,10,2
72,6,15,3,0,6.0,0.8,0.5,10,2
72,6,15,4,0,0.0,0.0,0.0,0,2
81,4,13,1,0,4.5,0.8,1.0,5,4
81,4,13,2,0,4.5,3.6,0.5,0,4
81,4,13,3,0,1.7,5.5,0.2,10,4
81,4,13,4,1,0.0,0.0,0.0,0,4
81,5,14,1,0,1.7,5.5,0.2,10,4
81,5,14,2,0,6.0,0.8,0.5,5,4
81,5,14,3,0,3.0,3.6,1.0,0,4
81,5,14,4,1,0.0,0.0,0.0,0,4
81,6,15,1,0,1.7,3.6,0.2,0,4
81,6,15,2,0,3.0,5.5,1.0,10,4
81,6,15,3,0,6.0,0.8,0.5,10,4
81,6,15,4,1,0.0,0.0,0.0,0,4
90,4,13,1,1,4.5,0.8,1.0,5,1
90,4,13,2,0,4.5,3.6,0.5,0,1
90,4,13,3,0,1.7,5.5,0.2,10,1
90,4,13,4,0,0.0,0.0,0.0,0,1
90,5,14,1,0,1.7,5.5,0.2,10,3
90,5,14,2,0,6.0,0.8,0.5,5,3
90,5,14,3,1,3.0,3.6,1.0,0,3
90,5,14,4,0,0.0,0.0,0.0,0,3
90,6,15,1,0,1.7,3.6,0.2,0,2
90,6,15,2,1,3.0,5.5,1.0,10,2
90,6,15,3,0,6.0,0.8,0.5,10,2
90,6,15,4,0,0.0,0.0,0.0,0,2
87,4,4,1,0,3.0,1.8,1.0,10,4
87,4,4,2,0,1.7,5.5,0.2,0,4
87,4,4,3,0,6.0,1.8,0.5,5,4
87,4,4,4,1,0.0,0.0,0.0,0,4
87,5,5,1,0,4.5,1.8,0.5,0,4
87,5,5,2,0,3.0,5.5,0.2,10,4
87,5,5,3,0,4.5,1.8,1.0,5,4
87,5,5,4,1,0.0,0.0,0.0,0,4
87,6,6,1,0,3.0,3.6,0.2,0,4
87,6,6,2,0,3.0,0.8,0.5,10,4
87,6,6,3,0,6.0,3.6,1.0,5,4
87,6,6,4,1,0.0,0.0,0.0,0,4
93,4,10,1,1,6.0,1.8,0.5,0,1
93,4,10,2,0,3.0,1.8,0.2,10,1
93,4,10,3,0,3.0,5.5,1.0,5,1
93,4,10,4,0,0.0,0.0,0.0,0,1
93,5,11,1,0,6.0,3.6,1.0,5,3
93,5,11,2,0,4.5,1.8,0.2,10,3
93,5,11,3,1,1.7,3.6,0.5,0,3
93,5,11,4,0,0.0,0.0,0.0,0,3
93,6,12,1,0,4.5,0.8,0.2,0,2
93,6,12,2,1,6.0,3.6,0.5,10,2
93,6,12,3,0,1.7,5.5,1.0,0,2
93,6,12,4,0,0.0,0.0,0.0,0,2
101,4,4,1,1,3.0,1.8,1.0,10,1
101,4,4,2,0,1.7,5.5,0.2,0,1
101,4,4,3,0,6.0,1.8,0.5,5,1
101,4,4,4,0,0.0,0.0,0.0,0,1
101,5,5,1,0,4.5,1.8,0.5,0,3
101,5,5,2,0,3.0,5.5,0.2,10,3
101,5,5,3,1,4.5,1.8,1.0,5,3
101,5,5,4,0,0.0,0.0,0.0,0,3
101,6,6,1,0,3.0,3.6,0.2,0,3
101,6,6,2,0,3.0,0.8,0.5,10,3
101,6,6,3,1,6.0,3.6,1.0,5,3
101,6,6,4,0,0.0,0.0,0.0,0,3
92,4,4,1,0,3.0,1.8,1.0,10,2
92,4,4,2,1,1.7,5.5,0.2,0,2
92,4,4,3,0,6.0,1.8,0.5,5,2
92,4,4,4,0,0.0,0.0,0.0,0,2
92,5,5,1,1,4.5,1.8,0.5,0,1
92,5,5,2,0,3.0,5.5,0.2,10,1
92,5,5,3,0,4.5,1.8,1.0,5,1
92,5,5,4,0,0.0,0.0,0.0,0,1
92,6,6,1,1,3.0,3.6,0.2,0,1
92,6,6,2,0,3.0,0.8,0.5,10,1
92,6,6,3,0,6.0,3.6,1.0,5,1
92,6,6,4,0,0.0,0.0,0.0,0,1
117,4,10,1,1,6.0,1.8,0.5,0,1
117,4,10,2,0,3.0,1.8,0.2,10,1
117,4,10,3,0,3.0,5.5,1.0,5,1
117,4,10,4,0,0.0,0.0,0.0,0,1
117,5,11,1,0,6.0,3.6,1.0,5,3
117,5,11,2,0,4.5,1.8,0.2,10,3
117,5,11,3,1,1.7,3.6,0.5,0,3
117,5,11,4,0,0.0,0.0,0.0,0,3
117,6,12,1,0,4.5,0.8,0.2,0,3
117,6,12,2,0,6.0,3.6,0.5,10,3
117,6,12,3,1,1.7,5.5,1.0,0,3
117,6,12,4,0,0.0,0.0,0.0,0,3
124,4,7,1,0,3.0,5.5,1.0,10,2
124,4,7,2,1,4.5,1.8,0.5,5,2
124,4,7,3,0,4.5,0.8,0.2,0,2
124,4,7,4,0,0.0,0.0,0.0,0,2
124,5,8,1,0,6.0,0.8,1.0,5,3
124,5,8,2,0,3.0,3.6,0.2,0,3
124,5,8,3,1,3.0,5.5,0.5,10,3
124,5,8,4,0,0.0,0.0,0.0,0,3
124,6,9,1,1,3.0,5.5,0.5,5,1
124,6,9,2,0,4.5,3.6,0.2,0,1
124,6,9,3,0,3.0,0.8,1.0,10,1
124,6,9,4,0,0.0,0.0,0.0,0,1
111,4,1,1,1,6.0,0.8,0.5,10,1
111,4,1,2,0,1.7,5.5,1.0,5,1
111,4,1,3,0,6.0,3.6,0.2,0,1
111,4,1,4,0,0.0,0.0,0.0,0,1
111,5,2,1,0,6.0,3.6,0.5,5,3
111,5,2,2,0,4.5,0.8,1.0,0,3
111,5,2,3,1,1.7,3.6,0.2,10,3
111,5,2,4,0,0.0,0.0,0.0,0,3
111,6,3,1,0,1.7,5.5,0.2,5,3
111,6,3,2,0,6.0,1.8,1.0,5,3
111,6,3,3,1,3.0,1.8,0.5,5,3
111,6,3,4,0,0.0,0.0,0.0,0,3
110,4,13,1,1,4.5,0.8,1.0,5,1
110,4,13,2,0,4.5,3.6,0.5,0,1
110,4,13,3,0,1.7,5.5,0.2,10,1
110,4,13,4,0,0.0,0.0,0.0,0,1
110,5,14,1,0,1.7,5.5,0.2,10,3
110,5,14,2,0,6.0,0.8,0.5,5,3
110,5,14,3,1,3.0,3.6,1.0,0,3
110,5,14,4,0,0.0,0.0,0.0,0,3
110,6,15,1,0,1.7,3.6,0.2,0,2
110,6,15,2,1,3.0,5.5,1.0,10,2
110,6,15,3,0,6.0,0.8,0.5,10,2
110,6,15,4,0,0.0,0.0,0.0,0,2
120,4,7,1,0,3.0,5.5,1.0,10,3
120,4,7,2,0,4.5,1.8,0.5,5,3
120,4,7,3,1,4.5,0.8,0.2,0,3
120,4,7,4,0,0.0,0.0,0.0,0,3
120,5,8,1,0,6.0,0.8,1.0,5,2
120,5,8,2,1,3.0,3.6,0.2,0,2
120,5,8,3,0,3.0,5.5,0.5,10,2
120,5,8,4,0,0.0,0.0,0.0,0,2
120,6,9,1,0,3.0,5.5,0.5,5,2
120,6,9,2,1,4.5,3.6,0.2,0,2
120,6,9,3,0,3.0,0.8,1.0,10,2
120,6,9,4,0,0.0,0.0,0.0,0,2
113,4,16,1,0,4.5,3.6,0.5,10,2
113,4,16,2,1,1.7,3.6,1.0,5,2
113,4,16,3,0,6.0,1.8,0.2,0,2
113,4,16,4,0,0.0,0.0,0.0,0,2
113,5,17,1,0,6.0,1.8,0.2,10,2
113,5,17,2,1,1.7,3.6,1.0,0,2
113,5,17,3,0,4.5,3.6,0.5,5,2
113,5,17,4,0,0.0,0.0,0.0,0,2
113,6,18,1,1,1.7,3.6,1.0,0,1
113,6,18,2,0,6.0,3.6,0.5,5,1
113,6,18,3,0,4.5,0.8,0.2,10,1
113,6,18,4,0,0.0,0.0,0.0,0,1
121,4,4,1,1,3.0,1.8,1.0,10,1
121,4,4,2,0,1.7,5.5,0.2,0,1
121,4,4,3,0,6.0,1.8,0.5,5,1
121,4,4,4,0,0.0,0.0,0.0,0,1
121,5,5,1,0,4.5,1.8,0.5,0,2
121,5,5,2,1,3.0,5.5,0.2,10,2
121,5,5,3,0,4.5,1.8,1.0,5,2
121,5,5,4,0,0.0,0.0,0.0,0,2
121,6,6,1,0,3.0,3.6,0.2,0,2
121,6,6,2,1,3.0,0.8,0.5,10,2
121,6,6,3,0,6.0,3.6,1.0,5,2
121,6,6,4,0,0.0,0.0,0.0,0,2
126,4,10,1,0,6.0,1.8,0.5,0,3
126,4,10,2,0,3.0,1.8,0.2,10,3
126,4,10,3,1,3.0,5.5,1.0,5,3
126,4,10,4,0,0.0,0.0,0.0,0,3
126,5,11,1,0,6.0,3.6,1.0,5,3
126,5,11,2,0,4.5,1.8,0.2,10,3
126,5,11,3,1,1.7,3.6,0.5,0,3
126,5,11,4,0,0.0,0.0,0.0,0,3
126,6,12,1,0,4.5,0.8,0.2,0,3
126,6,12,2,0,6.0,3.6,0.5,10,3
126,6,12,3,1,1.7,5.5,1.0,0,3
126,6,12,4,0,0.0,0.0,0.0,0,3
116,4,13,1,1,4.5,0.8,1.0,5,1
116,4,13,2,0,4.5,3.6,0.5,0,1
116,4,13,3,0,1.7,5.5,0.2,10,1
116,4,13,4,0,0.0,0.0,0.0,0,1
116,5,14,1,0,1.7,5.5,0.2,10,3
116,5,14,2,0,6.0,0.8,0.5,5,3
116,5,14,3,1,3.0,3.6,1.0,0,3
116,5,14,4,0,0.0,0.0,0.0,0,3
116,6,15,1,0,1.7,3.6,0.2,0,2
116,6,15,2,1,3.0,5.5,1.0,10,2
116,6,15,3,0,6.0,0.8,0.5,10,2
116,6,15,4,0,0.0,0.0,0.0,0,2
108,4,4,1,1,3.0,1.8,1.0,10,1
108,4,4,2,0,1.7,5.5,0.2,0,1
108,4,4,3,0,6.0,1.8,0.5,5,1
108,4,4,4,0,0.0,0.0,0.0,0,1
108,5,5,1,0,4.5,1.8,0.5,0,2
108,5,5,2,1,3.0,5.5,0.2,10,2
108,5,5,3,0,4.5,1.8,1.0,5,2
108,5,5,4,0,0.0,0.0,0.0,0,2
108,6,6,1,1,3.0,3.6,0.2,0,1
108,6,6,2,0,3.0,0.8,0.5,10,1
108,6,6,3,0,6.0,3.6,1.0,5,1
108,6,6,4,0,0.0,0.0,0.0,0,1
119,4,1,1,0,6.0,0.8,0.5,10,2
119,4,1,2,1,1.7,5.5,1.0,5,2
119,4,1,3,0,6.0,3.6,0.2,0,2
119,4,1,4,0,0.0,0.0,0.0,0,2
119,5,2,1,0,6.0,3.6,0.5,5,2
119,5,2,2,1,4.5,0.8,1.0,0,2
119,5,2,3,0,1.7,3.6,0.2,10,2
119,5,2,4,0,0.0,0.0,0.0,0,2
119,6,3,1,0,1.7,5.5,0.2,5,3
119,6,3,2,0,6.0,1.8,1.0,5,3
119,6,3,3,1,3.0,1.8,0.5,5,3
119,6,3,4,0,0.0,0.0,0.0,0,3
122,4,10,1,0,6.0,1.8,0.5,0,2
122,4,10,2,1,3.0,1.8,0.2,10,2
122,4,10,3,0,3.0,5.5,1.0,5,2
122,4,10,4,0,0.0,0.0,0.0,0,2
122,5,11,1,0,6.0,3.6,1.0,5,3
122,5,11,2,0,4.5,1.8,0.2,10,3
122,5,11,3,1,1.7,3.6,0.5,0,3
122,5,11,4,0,0.0,0.0,0.0,0,3
122,6,12,1,0,4.5,0.8,0.2,0,2
122,6,12,2,1,6.0,3.6,0.5,10,2
122,6,12,3,0,1.7,5.5,1.0,0,2
122,6,12,4,0,0.0,0.0,0.0,0,2
132,4,1,1,0,6.0,0.8,0.5,10,2
132,4,1,2,1,1.7,5.5,1.0,5,2
132,4,1,3,0,6.0,3.6,0.2,0,2
132,4,1,4,0,0.0,0.0,0.0,0,2
132,5,2,1,0,6.0,3.6,0.5,5,2
132,5,2,2,1,4.5,0.8,1.0,0,2
132,5,2,3,0,1.7,3.6,0.2,10,2
132,5,2,4,0,0.0,0.0,0.0,0,2
132,6,3,1,0,1.7,5.5,0.2,5,3
132,6,3,2,0,6.0,1.8,1.0,5,3
132,6,3,3,1,3.0,1.8,0.5,5,3
132,6,3,4,0,0.0,0.0,0.0,0,3
135,4,16,1,0,4.5,3.6,0.5,10,2
135,4,16,2,1,1.7,3.6,1.0,5,2
135,4,16,3,0,6.0,1.8,0.2,0,2
135,4,16,4,0,0.0,0.0,0.0,0,2
135,5,17,1,0,6.0,1.8,0.2,10,2
135,5,17,2,1,1.7,3.6,1.0,0,2
135,5,17,3,0,4.5,3.6,0.5,5,2
135,5,17,4,0,0.0,0.0,0.0,0,2
135,6,18,1,1,1.7,3.6,1.0,0,1
135,6,18,2,0,6.0,3.6,0.5,5,1
135,6,18,3,0,4.5,0.8,0.2,10,1
135,6,18,4,0,0.0,0.0,0.0,0,1
127,4,7,1,0,3.0,5.5,1.0,10,2
127,4,7,2,1,4.5,1.8,0.5,5,2
127,4,7,3,0,4.5,0.8,0.2,0,2
127,4,7,4,0,0.0,0.0,0.0,0,2
127,5,8,1,1,6.0,0.8,1.0,5,1
127,5,8,2,0,3.0,3.6,0.2,0,1
127,5,8,3,0,3.0,5.5,0.5,10,1
127,5,8,4,0,0.0,0.0,0.0,0,1
127,6,9,1,0,3.0,5.5,0.5,5,3
127,6,9,2,0,4.5,3.6,0.2,0,3
127,6,9,3,1,3.0,0.8,1.0,10,3
127,6,9,4,0,0.0,0.0,0.0,0,3
138,4,13,1,1,4.5,0.8,1.0,5,1
138,4,13,2,0,4.5,3.6,0.5,0,1
138,4,13,3,0,1.7,5.5,0.2,10,1
138,4,13,4,0,0.0,0.0,0.0,0,1
138,5,14,1,0,1.7,5.5,0.2,10,3
138,5,14,2,0,6.0,0.8,0.5,5,3
138,5,14,3,1,3.0,3.6,1.0,0,3
138,5,14,4,0,0.0,0.0,0.0,0,3
138,6,15,1,0,1.7,3.6,0.2,0,2
138,6,15,2,1,3.0,5.5,1.0,10,2
138,6,15,3,0,6.0,0.8,0.5,10,2
138,6,15,4,0,0.0,0.0,0.0,0,2
142,4,4,1,0,3.0,1.8,1.0,10,2
142,4,4,2,1,1.7,5.5,0.2,0,2
142,4,4,3,0,6.0,1.8,0.5,5,2
142,4,4,4,0,0.0,0.0,0.0,0,2
142,5,5,1,1,4.5,1.8,0.5,0,1
142,5,5,2,0,3.0,5.5,0.2,10,1
142,5,5,3,0,4.5,1.8,1.0,5,1
142,5,5,4,0,0.0,0.0,0.0,0,1
142,6,6,1,1,3.0,3.6,0.2,0,1
142,6,6,2,0,3.0,0.8,0.5,10,1
142,6,6,3,0,6.0,3.6,1.0,5,1
142,6,6,4,0,0.0,0.0,0.0,0,1
144,4,7,1,0,3.0,5.5,1.0,10,2
144,4,7,2,1,4.5,1.8,0.5,5,2
144,4,7,3,0,4.5,0.8,0.2,0,2
144,4,7,4,0,0.0,0.0,0.0,0,2
144,5,8,1,1,6.0,0.8,1.0,5,1
144,5,8,2,0,3.0,3.6,0.2,0,1
144,5,8,3,0,3.0,5.5,0.5,10,1
144,5,8,4,0,0.0,0.0,0.0,0,1
144,6,9,1,1,3.0,5.5,0.5,5,1
144,6,9,2,0,4.5,3.6,0.2,0,1
144,6,9,3,0,3.0,0.8,1.0,10,1
144,6,9,4,0,0.0,0.0,0.0,0,1
146,4,16,1,0,4.5,3.6,0.5,10,2
146,4,16,2,1,1.7,3.6,1.0,5,2
146,4,16,3,0,6.0,1.8,0.2,0,2
146,4,16,4,0,0.0,0.0,0.0,0,2
146,5,17,1,0,6.0,1.8,0.2,10,2
146,5,17,2,1,1.7,3.6,1.0,0,2
146,5,17,3,0,4.5,3.6,0.5,5,2
146,5,17,4,0,0.0,0.0,0.0,0,2
146,6,18,1,1,1.7,3.6,1.0,0,1
146,6,18,2,0,6.0,3.6,0.5,5,1
146,6,18,3,0,4.5,0.8,0.2,10,1
146,6,18,4,0,0.0,0.0,0.0,0,1
156,4,4,1,0,3.0,1.8,1.0,10,4
156,4,4,2,0,1.7,5.5,0.2,0,4
156,4,4,3,0,6.0,1.8,0.5,5,4
156,4,4,4,1,0.0,0.0,0.0,0,4
156,5,5,1,1,4.5,1.8,0.5,0,1
156,5,5,2,0,3.0,5.5,0.2,10,1
156,5,5,3,0,4.5,1.8,1.0,5,1
156,5,5,4,0,0.0,0.0,0.0,0,1
156,6,6,1,0,3.0,3.6,0.2,0,4
156,6,6,2,0,3.0,0.8,0.5,10,4
156,6,6,3,0,6.0,3.6,1.0,5,4
156,6,6,4,1,0.0,0.0,0.0,0,4
159,4,10,1,0,6.0,1.8,0.5,0,3
159,4,10,2,0,3.0,1.8,0.2,10,3
159,4,10,3,1,3.0,5.5,1.0,5,3
159,4,10,4,0,0.0,0.0,0.0,0,3
159,5,11,1,0,6.0,3.6,1.0,5,3
159,5,11,2,0,4.5,1.8,0.2,10,3
159,5,11,3,1,1.7,3.6,0.5,0,3
159,5,11,4,0,0.0,0.0,0.0,0,3
159,6,12,1,0,4.5,0.8,0.2,0,3
159,6,12,2,0,6.0,3.6,0.5,10,3
159,6,12,3,1,1.7,5.5,1.0,0,3
159,6,12,4,0,0.0,0.0,0.0,0,3
170,4,1,1,1,6.0,0.8,0.5,10,1
170,4,1,2,0,1.7,5.5,1.0,5,1
170,4,1,3,0,6.0,3.6,0.2,0,1
170,4,1,4,0,0.0,0.0,0.0,0,1
170,5,2,1,0,6.0,3.6,0.5,5,2
170,5,2,2,1,4.5,0.8,1.0,0,2
170,5,2,3,0,1.7,3.6,0.2,10,2
170,5,2,4,0,0.0,0.0,0.0,0,2
170,6,3,1,0,1.7,5.5,0.2,5,2
170,6,3,2,1,6.0,1.8,1.0,5,2
170,6,3,3,0,3.0,1.8,0.5,5,2
170,6,3,4,0,0.0,0.0,0.0,0,2
174,4,1,1,0,6.0,0.8,0.5,10,4
174,4,1,2,0,1.7,5.5,1.0,5,4
174,4,1,3,0,6.0,3.6,0.2,0,4
174,4,1,4,1,0.0,0.0,0.0,0,4
174,5,2,1,0,6.0,3.6,0.5,5,4
174,5,2,2,0,4.5,0.8,1.0,0,4
174,5,2,3,0,1.7,3.6,0.2,10,4
174,5,2,4,1,0.0,0.0,0.0,0,4
174,6,3,1,0,1.7,5.5,0.2,5,4
174,6,3,2,0,6.0,1.8,1.0,5,4
174,6,3,3,0,3.0,1.8,0.5,5,4
174,6,3,4,1,0.0,0.0,0.0,0,4
186,4,13,1,0,4.5,0.8,1.0,5,4
186,4,13,2,0,4.5,3.6,0.5,0,4
186,4,13,3,0,1.7,5.5,0.2,10,4
186,4,13,4,1,0.0,0.0,0.0,0,4
186,5,14,1,0,1.7,5.5,0.2,10,3
186,5,14,2,0,6.0,0.8,0.5,5,3
186,5,14,3,1,3.0,3.6,1.0,0,3
186,5,14,4,0,0.0,0.0,0.0,0,3
186,6,15,1,0,1.7,3.6,0.2,0,4
186,6,15,2,0,3.0,5.5,1.0,10,4
186,6,15,3,0,6.0,0.8,0.5,10,4
186,6,15,4,1,0.0,0.0,0.0,0,4
189,4,10,1,0,6.0,1.8,0.5,0,3
189,4,10,2,0,3.0,1.8,0.2,10,3
189,4,10,3,1,3.0,5.5,1.0,5,3
189,4,10,4,0,0.0,0.0,0.0,0,3
189,5,11,1,0,6.0,3.6,1.0,5,3
189,5,11,2,0,4.5,1.8,0.2,10,3
189,5,11,3,1,1.7,3.6,0.5,0,3
189,5,11,4,0,0.0,0.0,0.0,0,3
189,6,12,1,0,4.5,0.8,0.2,0,3
189,6,12,2,0,6.0,3.6,0.5,10,3
189,6,12,3,1,1.7,5.5,1.0,0,3
189,6,12,4,0,0.0,0.0,0.0,0,3
196,4,7,1,1,3.0,5.5,1.0,10,1
196,4,7,2,0,4.5,1.8,0.5,5,1
196,4,7,3,0,4.5,0.8,0.2,0,1
196,4,7,4,0,0.0,0.0,0.0,0,1
196,5,8,1,1,6.0,0.8,1.0,5,1
196,5,8,2,0,3.0,3.6,0.2,0,1
196,5,8,3,0,3.0,5.5,0.5,10,1
196,5,8,4,0,0.0,0.0,0.0,0,1
196,6,9,1,0,3.0,5.5,0.5,5,3
196,6,9,2,0,4.5,3.6,0.2,0,3
196,6,9,3,1,3.0,0.8,1.0,10,3
196,6,9,4,0,0.0,0.0,0.0,0,3
200,4,16,1,0,4.5,3.6,0.5,10,2
200,4,16,2,1,1.7,3.6,1.0,5,2
200,4,16,3,0,6.0,1.8,0.2,0,2
200,4,16,4,0,0.0,0.0,0.0,0,2
200,5,17,1,0,6.0,1.8,0.2,10,2
200,5,17,2,1,1.7,3.6,1.0,0,2
200,5,17,3,0,4.5,3.6,0.5,5,2
200,5,17,4,0,0.0,0.0,0.0,0,2
200,6,18,1,1,1.7,3.6,1.0,0,1
200,6,18,2,0,6.0,3.6,0.5,5,1
200,6,18,3,0,4.5,0.8,0.2,10,1
200,6,18,4,0,0.0,0.0,0.0,0,1
198,4,13,1,1,4.5,0.8,1.0,5,1
198,4,13,2,0,4.5,3.6,0.5,0,1
198,4,13,3,0,1.7,5.5,0.2,10,1
198,4,13,4,0,0.0,0.0,0.0,0,1
198,5,14,1,0,1.7,5.5,0.2,10,2
198,5,14,2,1,6.0,0.8,0.5,5,2
198,5,14,3,0,3.0,3.6,1.0,0,2
198,5,14,4,0,0.0,0.0,0.0,0,2
198,6,15,1,0,1.7,3.6,0.2,0,2
198,6,15,2,1,3.0,5.5,1.0,10,2
198,6,15,3,0,6.0,0.8,0.5,10,2
198,6,15,4,0,0.0,0.0,0.0,0,2
202,4,7,1,0,3.0,5.5,1.0,10,3
202,4,7,2,0,4.5,1.8,0.5,5,3
202,4,7,3,1,4.5,0.8,0.2,0,3
202,4,7,4,0,0.0,0.0,0.0,0,3
202,5,8,1,0,6.0,0.8,1.0,5,3
202,5,8,2,0,3.0,3.6,0.2,0,3
202,5,8,3,1,3.0,5.5,0.5,10,3
202,5,8,4,0,0.0,0.0,0.0,0,3
202,6,9,1,1,3.0,5.5,0.5,5,1
202,6,9,2,0,4.5,3.6,0.2,0,1
202,6,9,3,0,3.0,0.8,1.0,10,1
202,6,9,4,0,0.0,0.0,0.0,0,1
203,4,1,1,0,6.0,0.8,0.5,10,2
203,4,1,2,1,1.7,5.5,1.0,5,2
203,4,1,3,0,6.0,3.6,0.2,0,2
203,4,1,4,0,0.0,0.0,0.0,0,2
203,5,2,1,0,6.0,3.6,0.5,5,3
203,5,2,2,0,4.5,0.8,1.0,0,3
203,5,2,3,1,1.7,3.6,0.2,10,3
203,5,2,4,0,0.0,0.0,0.0,0,3
203,6,3,1,0,1.7,5.5,0.2,5,3
203,6,3,2,0,6.0,1.8,1.0,5,3
203,6,3,3,1,3.0,1.8,0.5,5,3
203,6,3,4,0,0.0,0.0,0.0,0,3
206,4,4,1,0,3.0,1.8,1.0,10,2
206,4,4,2,1,1.7,5.5,0.2,0,2
206,4,4,3,0,6.0,1.8,0.5,5,2
206,4,4,4,0,0.0,0.0,0.0,0,2
206,5,5,1,1,4.5,1.8,0.5,0,1
206,5,5,2,0,3.0,5.5,0.2,10,1
206,5,5,3,0,4.5,1.8,1.0,5,1
206,5,5,4,0,0.0,0.0,0.0,0,1
206,6,6,1,1,3.0,3.6,0.2,0,1
206,6,6,2,0,3.0,0.8,0.5,10,1
206,6,6,3,0,6.0,3.6,1.0,5,1
206,6,6,4,0,0.0,0.0,0.0,0,1
210,4,1,1,0,6.0,0.8,0.5,10,3
210,4,1,2,0,1.7,5.5,1.0,5,3
210,4,1,3,1,6.0,3.6,0.2,0,3
210,4,1,4,0,0.0,0.0,0.0,0,3
210,5,2,1,0,6.0,3.6,0.5,5,2
210,5,2,2,1,4.5,0.8,1.0,0,2
210,5,2,3,0,1.7,3.6,0.2,10,2
210,5,2,4,0,0.0,0.0,0.0,0,2
210,6,3,1,0,1.7,5.5,0.2,5,3
210,6,3,2,0,6.0,1.8,1.0,5,3
210,6,3,3,1,3.0,1.8,0.5,5,3
210,6,3,4,0,0.0,0.0,0.0,0,3
213,4,4,1,1,3.0,1.8,1.0,10,1
213,4,4,2,0,1.7,5.5,0.2,0,1
213,4,4,3,0,6.0,1.8,0.5,5,1
213,4,4,4,0,0.0,0.0,0.0,0,1
213,5,5,1,1,4.5,1.8,0.5,0,1
213,5,5,2,0,3.0,5.5,0.2,10,1
213,5,5,3,0,4.5,1.8,1.0,5,1
213,5,5,4,0,0.0,0.0,0.0,0,1
213,6,6,1,0,3.0,3.6,0.2,0,2
213,6,6,2,1,3.0,0.8,0.5,10,2
213,6,6,3,0,6.0,3.6,1.0,5,2
213,6,6,4,0,0.0,0.0,0.0,0,2
214,4,16,1,0,4.5,3.6,0.5,10,2
214,4,16,2,1,1.7,3.6,1.0,5,2
214,4,16,3,0,6.0,1.8,0.2,0,2
214,4,16,4,0,0.0,0.0,0.0,0,2
214,5,17,1,0,6.0,1.8,0.2,10,2
214,5,17,2,1,1.7,3.6,1.0,0,2
214,5,17,3,0,4.5,3.6,0.5,5,2
214,5,17,4,0,0.0,0.0,0.0,0,2
214,6,18,1,1,1.7,3.6,1.0,0,1
214,6,18,2,0,6.0,3.6,0.5,5,1
214,6,18,3,0,4.5,0.8,0.2,10,1
214,6,18,4,0,0.0,0.0,0.0,0,1
226,4,13,1,0,4.5,0.8,1.0,5,2
226,4,13,2,1,4.5,3.6,0.5,0,2
226,4,13,3,0,1.7,5.5,0.2,10,2
226,4,13,4,0,0.0,0.0,0.0,0,2
226,5,14,1,0,1.7,5.5,0.2,10,3
226,5,14,2,0,6.0,0.8,0.5,5,3
226,5,14,3,1,3.0,3.6,1.0,0,3
226,5,14,4,0,0.0,0.0,0.0,0,3
226,6,15,1,1,1.7,3.6,0.2,0,1
226,6,15,2,0,3.0,5.5,1.0,10,1
226,6,15,3,0,6.0,0.8,0.5,10,1
226,6,15,4,0,0.0,0.0,0.0,0,1
232,4,10,1,0,6.0,1.8,0.5,0,3
232,4,10,2,0,3.0,1.8,0.2,10,3
232,4,10,3,1,3.0,5.5,1.0,5,3
232,4,10,4,0,0.0,0.0,0.0,0,3
232,5,11,1,0,6.0,3.6,1.0,5,3
232,5,11,2,0,4.5,1.8,0.2,10,3
232,5,11,3,1,1.7,3.6,0.5,0,3
232,5,11,4,0,0.0,0.0,0.0,0,3
232,6,12,1,0,4.5,0.8,0.2,0,3
232,6,12,2,0,6.0,3.6,0.5,10,3
232,6,12,3,1,1.7,5.5,1.0,0,3
232,6,12,4,0,0.0,0.0,0.0,0,3
234,4,10,1,0,6.0,1.8,0.5,0,3
234,4,10,2,0,3.0,1.8,0.2,10,3
234,4,10,3,1,3.0,5.5,1.0,5,3
234,4,10,4,0,0.0,0.0,0.0,0,3
234,5,11,1,0,6.0,3.6,1.0,5,3
234,5,11,2,0,4.5,1.8,0.2,10,3
234,5,11,3,1,1.7,3.6,0.5,0,3
234,5,11,4,0,0.0,0.0,0.0,0,3
234,6,12,1,0,4.5,0.8,0.2,0,3
234,6,12,2,0,6.0,3.6,0.5,10,3
234,6,12,3,1,1.7,5.5,1.0,0,3
234,6,12,4,0,0.0,0.0,0.0,0,3
239,4,4,1,1,3.0,1.8,1.0,10,1
239,4,4,2,0,1.7,5.5,0.2,0,1
239,4,4,3,0,6.0,1.8,0.5,5,1
239,4,4,4,0,0.0,0.0,0.0,0,1
239,5,5,1,0,4.5,1.8,0.5,0,3
239,5,5,2,0,3.0,5.5,0.2,10,3
239,5,5,3,1,4.5,1.8,1.0,5,3
239,5,5,4,0,0.0,0.0,0.0,0,3
239,6,6,1,0,3.0,3.6,0.2,0,2
239,6,6,2,1,3.0,0.8,0.5,10,2
239,6,6,3,0,6.0,3.6,1.0,5,2
239,6,6,4,0,0.0,0.0,0.0,0,2
238,4,10,1,0,6.0,1.8,0.5,0,3
238,4,10,2,0,3.0,1.8,0.2,10,3
238,4,10,3,1,3.0,5.5,1.0,5,3
238,4,10,4,0,0.0,0.0,0.0,0,3
238,5,11,1,0,6.0,3.6,1.0,5,3
238,5,11,2,0,4.5,1.8,0.2,10,3
238,5,11,3,1,1.7,3.6,0.5,0,3
238,5,11,4,0,0.0,0.0,0.0,0,3
238,6,12,1,0,4.5,0.8,0.2,0,3
238,6,12,2,0,6.0,3.6,0.5,10,3
238,6,12,3,1,1.7,5.5,1.0,0,3
238,6,12,4,0,0.0,0.0,0.0,0,3
241,4,7,1,1,3.0,5.5,1.0,10,1
241,4,7,2,0,4.5,1.8,0.5,5,1
241,4,7,3,0,4.5,0.8,0.2,0,1
241,4,7,4,0,0.0,0.0,0.0,0,1
241,5,8,1,0,6.0,0.8,1.0,5,2
241,5,8,2,1,3.0,3.6,0.2,0,2
241,5,8,3,0,3.0,5.5,0.5,10,2
241,5,8,4,0,0.0,0.0,0.0,0,2
241,6,9,1,1,3.0,5.5,0.5,5,1
241,6,9,2,0,4.5,3.6,0.2,0,1
241,6,9,3,0,3.0,0.8,1.0,10,1
241,6,9,4,0,0.0,0.0,0.0,0,1
245,4,1,1,0,6.0,0.8,0.5,10,2
245,4,1,2,1,1.7,5.5,1.0,5,2
245,4,1,3,0,6.0,3.6,0.2,0,2
245,4,1,4,0,0.0,0.0,0.0,0,2
245,5,2,1,1,6.0,3.6,0.5,5,1
245,5,2,2,0,4.5,0.8,1.0,0,1
245,5,2,3,0,1.7,3.6,0.2,10,1
245,5,2,4,0,0.0,0.0,0.0,0,1
245,6,3,1,0,1.7,5.5,0.2,5,3
245,6,3,2,0,6.0,1.8,1.0,5,3
245,6,3,3,1,3.0,1.8,0.5,5,3
245,6,3,4,0,0.0,0.0,0.0,0,3
247,4,13,1,0,4.5,0.8,1.0,5,2
247,4,13,2,1,4.5,3.6,0.5,0,2
247,4,13,3,0,1.7,5.5,0.2,10,2
247,4,13,4,0,0.0,0.0,0.0,0,2
247,5,14,1,0,1.7,5.5,0.2,10,3
247,5,14,2,0,6.0,0.8,0.5,5,3
247,5,14,3,1,3.0,3.6,1.0,0,3
247,5,14,4,0,0.0,0.0,0.0,0,3
247,6,15,1,1,1.7,3.6,0.2,0,1
247,6,15,2,0,3.0,5.5,1.0,10,1
247,6,15,3,0,6.0,0.8,0.5,10,1
247,6,15,4,0,0.0,0.0,0.0,0,1
249,4,16,1,0,4.5,3.6,0.5,10,2
249,4,16,2,1,1.7,3.6,1.0,5,2
249,4,16,3,0,6.0,1.8,0.2,0,2
249,4,16,4,0,0.0,0.0,0.0,0,2
249,5,17,1,0,6.0,1.8,0.2,10,2
249,5,17,2,1,1.7,3.6,1.0,0,2
249,5,17,3,0,4.5,3.6,0.5,5,2
249,5,17,4,0,0.0,0.0,0.0,0,2
249,6,18,1,1,1.7,3.6,1.0,0,1
249,6,18,2,0,6.0,3.6,0.5,5,1
249,6,18,3,0,4.5,0.8,0.2,10,1
249,6,18,4,0,0.0,0.0,0.0,0,1
251,4,1,1,0,6.0,0.8,0.5,10,2
251,4,1,2,1,1.7,5.5,1.0,5,2
251,4,1,3,0,6.0,3.6,0.2,0,2
251,4,1,4,0,0.0,0.0,0.0,0,2
251,5,2,1,0,6.0,3.6,0.5,5,2
251,5,2,2,1,4.5,0.8,1.0,0,2
251,5,2,3,0,1.7,3.6,0.2,10,2
251,5,2,4,0,0.0,0.0,0.0,0,2
251,6,3,1,0,1.7,5.5,0.2,5,3
251,6,3,2,0,6.0,1.8,1.0,5,3
251,6,3,3,1,3.0,1.8,0.5,5,3
251,6,3,4,0,0.0,0.0,0.0,0,3
252,4,13,1,0,4.5,0.8,1.0,5,3
252,4,13,2,0,4.5,3.6,0.5,0,3
252,4,13,3,1,1.7,5.5,0.2,10,3
252,4,13,4,0,0.0,0.0,0.0,0,3
252,5,14,1,0,1.7,5.5,0.2,10,3
252,5,14,2,0,6.0,0.8,0.5,5,3
252,5,14,3,1,3.0,3.6,1.0,0,3
252,5,14,4,0,0.0,0.0,0.0,0,3
252,6,15,1,1,1.7,3.6,0.2,0,1
252,6,15,2,0,3.0,5.5,1.0,10,1
252,6,15,3,0,6.0,0.8,0.5,10,1
252,6,15,4,0,0.0,0.0,0.0,0,1
258,4,7,1,0,3.0,5.5,1.0,10,2
258,4,7,2,1,4.5,1.8,0.5,5,2
258,4,7,3,0,4.5,0.8,0.2,0,2
258,4,7,4,0,0.0,0.0,0.0,0,2
258,5,8,1,1,6.0,0.8,1.0,5,1
258,5,8,2,0,3.0,3.6,0.2,0,1
258,5,8,3,0,3.0,5.5,0.5,10,1
258,5,8,4,0,0.0,0.0,0.0,0,1
258,6,9,1,0,3.0,5.5,0.5,5,3
258,6,9,2,0,4.5,3.6,0.2,0,3
258,6,9,3,1,3.0,0.8,1.0,10,3
258,6,9,4,0,0.0,0.0,0.0,0,3
262,4,16,1,0,4.5,3.6,0.5,10,2
262,4,16,2,1,1.7,3.6,1.0,5,2
262,4,16,3,0,6.0,1.8,0.2,0,2
262,4,16,4,0,0.0,0.0,0.0,0,2
262,5,17,1,0,6.0,1.8,0.2,10,2
262,5,17,2,1,1.7,3.6,1.0,0,2
262,5,17,3,0,4.5,3.6,0.5,5,2
262,5,17,4,0,0.0,0.0,0.0,0,2
262,6,18,1,1,1.7,3.6,1.0,0,1
262,6,18,2,0,6.0,3.6,0.5,5,1
262,6,18,3,0,4.5,0.8,0.2,10,1
262,6,18,4,0,0.0,0.0,0.0,0,1
263,4,4,1,1,3.0,1.8,1.0,10,1
263,4,4,2,0,1.7,5.5,0.2,0,1
263,4,4,3,0,6.0,1.8,0.5,5,1
263,4,4,4,0,0.0,0.0,0.0,0,1
263,5,5,1,1,4.5,1.8,0.5,0,1
263,5,5,2,0,3.0,5.5,0.2,10,1
263,5,5,3,0,4.5,1.8,1.0,5,1
263,5,5,4,0,0.0,0.0,0.0,0,1
263,6,6,1,1,3.0,3.6,0.2,0,1
263,6,6,2,0,3.0,0.8,0.5,10,1
263,6,6,3,0,6.0,3.6,1.0,5,1
263,6,6,4,0,0.0,0.0,0.0,0,1
270,4,4,1,0,3.0,1.8,1.0,10,2
270,4,4,2,1,1.7,5.5,0.2,0,2
270,4,4,3,0,6.0,1.8,0.5,5,2
270,4,4,4,0,0.0,0.0,0.0,0,2
270,5,5,1,0,4.5,1.8,0.5,0,3
270,5,5,2,0,3.0,5.5,0.2,10,3
270,5,5,3,1,4.5,1.8,1.0,5,3
270,5,5,4,0,0.0,0.0,0.0,0,3
270,6,6,1,1,3.0,3.6,0.2,0,1
270,6,6,2,0,3.0,0.8,0.5,10,1
270,6,6,3,0,6.0,3.6,1.0,5,1
270,6,6,4,0,0.0,0.0,0.0,0,1
278,4,10,1,1,6.0,1.8,0.5,0,1
278,4,10,2,0,3.0,1.8,0.2,10,1
278,4,10,3,0,3.0,5.5,1.0,5,1
278,4,10,4,0,0.0,0.0,0.0,0,1
278,5,11,1,1,6.0,3.6,1.0,5,1
278,5,11,2,0,4.5,1.8,0.2,10,1
278,5,11,3,0,1.7,3.6,0.5,0,1
278,5,11,4,0,0.0,0.0,0.0,0,1
278,6,12,1,0,4.5,0.8,0.2,0,2
278,6,12,2,1,6.0,3.6,0.5,10,2
278,6,12,3,0,1.7,5.5,1.0,0,2
278,6,12,4,0,0.0,0.0,0.0,0,2
281,4,10,1,0,6.0,1.8,0.5,0,3
281,4,10,2,0,3.0,1.8,0.2,10,3
281,4,10,3,1,3.0,5.5,1.0,5,3
281,4,10,4,0,0.0,0.0,0.0,0,3
281,5,11,1,0,6.0,3.6,1.0,5,3
281,5,11,2,0,4.5,1.8,0.2,10,3
281,5,11,3,1,1.7,3.6,0.5,0,3
281,5,11,4,0,0.0,0.0,0.0,0,3
281,6,12,1,0,4.5,0.8,0.2,0,3
281,6,12,2,0,6.0,3.6,0.5,10,3
281,6,12,3,1,1.7,5.5,1.0,0,3
281,6,12,4,0,0.0,0.0,0.0,0,3
285,4,16,1,0,4.5,3.6,0.5,10,3
285,4,16,2,0,1.7,3.6,1.0,5,3
285,4,16,3,1,6.0,1.8,0.2,0,3
285,4,16,4,0,0.0,0.0,0.0,0,3
285,5,17,1,1,6.0,1.8,0.2,10,1
285,5,17,2,0,1.7,3.6,1.0,0,1
285,5,17,3,0,4.5,3.6,0.5,5,1
285,5,17,4,0,0.0,0.0,0.0,0,1
285,6,18,1,0,1.7,3.6,1.0,0,3
285,6,18,2,0,6.0,3.6,0.5,5,3
285,6,18,3,1,4.5,0.8,0.2,10,3
285,6,18,4,0,0.0,0.0,0.0,0,3
280,4,16,1,0,4.5,3.6,0.5,10,2
280,4,16,2,1,1.7,3.6,1.0,5,2
280,4,16,3,0,6.0,1.8,0.2,0,2
280,4,16,4,0,0.0,0.0,0.0,0,2
280,5,17,1,0,6.0,1.8,0.2,10,2
280,5,17,2,1,1.7,3.6,1.0,0,2
280,5,17,3,0,4.5,3.6,0.5,5,2
280,5,17,4,0,0.0,0.0,0.0,0,2
280,6,18,1,1,1.7,3.6,1.0,0,1
280,6,18,2,0,6.0,3.6,0.5,5,1
280,6,18,3,0,4.5,0.8,0.2,10,1
280,6,18,4,0,0.0,0.0,0.0,0,1
286,4,7,1,1,3.0,5.5,1.0,10,1
286,4,7,2,0,4.5,1.8,0.5,5,1
286,4,7,3,0,4.5,0.8,0.2,0,1
286,4,7,4,0,0.0,0.0,0.0,0,1
286,5,8,1,0,6.0,0.8,1.0,5,3
286,5,8,2,0,3.0,3.6,0.2,0,3
286,5,8,3,1,3.0,5.5,0.5,10,3
286,5,8,4,0,0.0,0.0,0.0,0,3
286,6,9,1,0,3.0,5.5,0.5,5,3
286,6,9,2,0,4.5,3.6,0.2,0,3
286,6,9,3,1,3.0,0.8,1.0,10,3
286,6,9,4,0,0.0,0.0,0.0,0,3
287,4,1,1,0,6.0,0.8,0.5,10,2
287,4,1,2,1,1.7,5.5,1.0,5,2
287,4,1,3,0,6.0,3.6,0.2,0,2
287,4,1,4,0,0.0,0.0,0.0,0,2
287,5,2,1,0,6.0,3.6,0.5,5,2
287,5,2,2,1,4.5,0.8,1.0,0,2
287,5,2,3,0,1.7,3.6,0.2,10,2
287,5,2,4,0,0.0,0.0,0.0,0,2
287,6,3,1,0,1.7,5.5,0.2,5,3
287,6,3,2,0,6.0,1.8,1.0,5,3
287,6,3,3,1,3.0,1.8,0.5,5,3
287,6,3,4,0,0.0,0.0,0.0,0,3
307,4,13,1,1,4.5,0.8,1.0,5,1
307,4,13,2,0,4.5,3.6,0.5,0,1
307,4,13,3,0,1.7,5.5,0.2,10,1
307,4,13,4,0,0.0,0.0,0.0,0,1
307,5,14,1,0,1.7,5.5,0.2,10,3
307,5,14,2,0,6.0,0.8,0.5,5,3
307,5,14,3,1,3.0,3.6,1.0,0,3
307,5,14,4,0,0.0,0.0,0.0,0,3
307,6,15,1,0,1.7,3.6,0.2,0,3
307,6,15,2,0,3.0,5.5,1.0,10,3
307,6,15,3,1,6.0,0.8,0.5,10,3
307,6,15,4,0,0.0,0.0,0.0,0,3
305,4,13,1,0,4.5,0.8,1.0,5,2
305,4,13,2,1,4.5,3.6,0.5,0,2
305,4,13,3,0,1.7,5.5,0.2,10,2
305,4,13,4,0,0.0,0.0,0.0,0,2
305,5,14,1,0,1.7,5.5,0.2,10,3
305,5,14,2,0,6.0,0.8,0.5,5,3
305,5,14,3,1,3.0,3.6,1.0,0,3
305,5,14,4,0,0.0,0.0,0.0,0,3
305,6,15,1,1,1.7,3.6,0.2,0,1
305,6,15,2,0,3.0,5.5,1.0,10,1
305,6,15,3,0,6.0,0.8,0.5,10,1
305,6,15,4,0,0.0,0.0,0.0,0,1
309,4,1,1,0,6.0,0.8,0.5,10,3
309,4,1,2,0,1.7,5.5,1.0,5,3
309,4,1,3,1,6.0,3.6,0.2,0,3
309,4,1,4,0,0.0,0.0,0.0,0,3
309,5,2,1,0,6.0,3.6,0.5,5,2
309,5,2,2,1,4.5,0.8,1.0,0,2
309,5,2,3,0,1.7,3.6,0.2,10,2
309,5,2,4,0,0.0,0.0,0.0,0,2
309,6,3,1,1,1.7,5.5,0.2,5,1
309,6,3,2,0,6.0,1.8,1.0,5,1
309,6,3,3,0,3.0,1.8,0.5,5,1
309,6,3,4,0,0.0,0.0,0.0,0,1
311,4,1,1,0,6.0,0.8,0.5,10,2
311,4,1,2,1,1.7,5.5,1.0,5,2
311,4,1,3,0,6.0,3.6,0.2,0,2
311,4,1,4,0,0.0,0.0,0.0,0,2
311,5,2,1,0,6.0,3.6,0.5,5,3
311,5,2,2,0,4.5,0.8,1.0,0,3
311,5,2,3,1,1.7,3.6,0.2,10,3
311,5,2,4,0,0.0,0.0,0.0,0,3
311,6,3,1,1,1.7,5.5,0.2,5,1
311,6,3,2,0,6.0,1.8,1.0,5,1
311,6,3,3,0,3.0,1.8,0.5,5,1
311,6,3,4,0,0.0,0.0,0.0,0,1
315,4,16,1,0,4.5,3.6,0.5,10,2
315,4,16,2,1,1.7,3.6,1.0,5,2
315,4,16,3,0,6.0,1.8,0.2,0,2
315,4,16,4,0,0.0,0.0,0.0,0,2
315,5,17,1,0,6.0,1.8,0.2,10,2
315,5,17,2,1,1.7,3.6,1.0,0,2
315,5,17,3,0,4.5,3.6,0.5,5,2
315,5,17,4,0,0.0,0.0,0.0,0,2
315,6,18,1,1,1.7,3.6,1.0,0,1
315,6,18,2,0,6.0,3.6,0.5,5,1
315,6,18,3,0,4.5,0.8,0.2,10,1
315,6,18,4,0,0.0,0.0,0.0,0,1
319,4,7,1,1,3.0,5.5,1.0,10,1
319,4,7,2,0,4.5,1.8,0.5,5,1
319,4,7,3,0,4.5,0.8,0.2,0,1
319,4,7,4,0,0.0,0.0,0.0,0,1
319,5,8,1,0,6.0,0.8,1.0,5,3
319,5,8,2,0,3.0,3.6,0.2,0,3
319,5,8,3,1,3.0,5.5,0.5,10,3
319,5,8,4,0,0.0,0.0,0.0,0,3
319,6,9,1,0,3.0,5.5,0.5,5,3
319,6,9,2,0,4.5,3.6,0.2,0,3
319,6,9,3,1,3.0,0.8,1.0,10,3
319,6,9,4,0,0.0,0.0,0.0,0,3
320,4,7,1,1,3.0,5.5,1.0,10,1
320,4,7,2,0,4.5,1.8,0.5,5,1
320,4,7,3,0,4.5,0.8,0.2,0,1
320,4,7,4,0,0.0,0.0,0.0,0,1
320,5,8,1,0,6.0,0.8,1.0,5,2
320,5,8,2,1,3.0,3.6,0.2,0,2
320,5,8,3,0,3.0,5.5,0.5,10,2
320,5,8,4,0,0.0,0.0,0.0,0,2
320,6,9,1,0,3.0,5.5,0.5,5,3
320,6,9,2,0,4.5,3.6,0.2,0,3
320,6,9,3,1,3.0,0.8,1.0,10,3
320,6,9,4,0,0.0,0.0,0.0,0,3
323,4,10,1,0,6.0,1.8,0.5,0,3
323,4,10,2,0,3.0,1.8,0.2,10,3
323,4,10,3,1,3.0,5.5,1.0,5,3
323,4,10,4,0,0.0,0.0,0.0,0,3
323,5,11,1,0,6.0,3.6,1.0,5,3
323,5,11,2,0,4.5,1.8,0.2,10,3
323,5,11,3,1,1.7,3.6,0.5,0,3
323,5,11,4,0,0.0,0.0,0.0,0,3
323,6,12,1,0,4.5,0.8,0.2,0,3
323,6,12,2,0,6.0,3.6,0.5,10,3
323,6,12,3,1,1.7,5.5,1.0,0,3
323,6,12,4,0,0.0,0.0,0.0,0,3
326,4,13,1,0,4.5,0.8,1.0,5,2
326,4,13,2,1,4.5,3.6,0.5,0,2
326,4,13,3,0,1.7,5.5,0.2,10,2
326,4,13,4,0,0.0,0.0,0.0,0,2
326,5,14,1,0,1.7,5.5,0.2,10,3
326,5,14,2,0,6.0,0.8,0.5,5,3
326,5,14,3,1,3.0,3.6,1.0,0,3
326,5,14,4,0,0.0,0.0,0.0,0,3
326,6,15,1,1,1.7,3.6,0.2,0,1
326,6,15,2,0,3.0,5.5,1.0,10,1
326,6,15,3,0,6.0,0.8,0.5,10,1
326,6,15,4,0,0.0,0.0,0.0,0,1
332,4,4,1,1,3.0,1.8,1.0,10,1
332,4,4,2,0,1.7,5.5,0.2,0,1
332,4,4,3,0,6.0,1.8,0.5,5,1
332,4,4,4,0,0.0,0.0,0.0,0,1
332,5,5,1,1,4.5,1.8,0.5,0,1
332,5,5,2,0,3.0,5.5,0.2,10,1
332,5,5,3,0,4.5,1.8,1.0,5,1
332,5,5,4,0,0.0,0.0,0.0,0,1
332,6,6,1,0,3.0,3.6,0.2,0,3
332,6,6,2,0,3.0,0.8,0.5,10,3
332,6,6,3,1,6.0,3.6,1.0,5,3
332,6,6,4,0,0.0,0.0,0.0,0,3
350,4,16,1,0,4.5,3.6,0.5,10,2
350,4,16,2,1,1.7,3.6,1.0,5,2
350,4,16,3,0,6.0,1.8,0.2,0,2
350,4,16,4,0,0.0,0.0,0.0,0,2
350,5,17,1,0,6.0,1.8,0.2,10,2
350,5,17,2,1,1.7,3.6,1.0,0,2
350,5,17,3,0,4.5,3.6,0.5,5,2
350,5,17,4,0,0.0,0.0,0.0,0,2
350,6,18,1,1,1.7,3.6,1.0,0,1
350,6,18,2,0,6.0,3.6,0.5,5,1
350,6,18,3,0,4.5,0.8,0.2,10,1
350,6,18,4,0,0.0,0.0,0.0,0,1
358,4,4,1,1,3.0,1.8,1.0,10,1
358,4,4,2,0,1.7,5.5,0.2,0,1
358,4,4,3,0,6.0,1.8,0.5,5,1
358,4,4,4,0,0.0,0.0,0.0,0,1
358,5,5,1,1,4.5,1.8,0.5,0,1
358,5,5,2,0,3.0,5.5,0.2,10,1
358,5,5,3,0,4.5,1.8,1.0,5,1
358,5,5,4,0,0.0,0.0,0.0,0,1
358,6,6,1,0,3.0,3.6,0.2,0,3
358,6,6,2,0,3.0,0.8,0.5,10,3
358,6,6,3,1,6.0,3.6,1.0,5,3
358,6,6,4,0,0.0,0.0,0.0,0,3
356,4,4,1,0,3.0,1.8,1.0,10,2
356,4,4,2,1,1.7,5.5,0.2,0,2
356,4,4,3,0,6.0,1.8,0.5,5,2
356,4,4,4,0,0.0,0.0,0.0,0,2
356,5,5,1,1,4.5,1.8,0.5,0,1
356,5,5,2,0,3.0,5.5,0.2,10,1
356,5,5,3,0,4.5,1.8,1.0,5,1
356,5,5,4,0,0.0,0.0,0.0,0,1
356,6,6,1,1,3.0,3.6,0.2,0,1
356,6,6,2,0,3.0,0.8,0.5,10,1
356,6,6,3,0,6.0,3.6,1.0,5,1
356,6,6,4,0,0.0,0.0,0.0,0,1
368,4,1,1,0,6.0,0.8,0.5,10,2
368,4,1,2,1,1.7,5.5,1.0,5,2
368,4,1,3,0,6.0,3.6,0.2,0,2
368,4,1,4,0,0.0,0.0,0.0,0,2
368,5,2,1,0,6.0,3.6,0.5,5,3
368,5,2,2,0,4.5,0.8,1.0,0,3
368,5,2,3,1,1.7,3.6,0.2,10,3
368,5,2,4,0,0.0,0.0,0.0,0,3
368,6,3,1,1,1.7,5.5,0.2,5,1
368,6,3,2,0,6.0,1.8,1.0,5,1
368,6,3,3,0,3.0,1.8,0.5,5,1
368,6,3,4,0,0.0,0.0,0.0,0,1
365,4,16,1,0,4.5,3.6,0.5,10,2
365,4,16,2,1,1.7,3.6,1.0,5,2
365,4,16,3,0,6.0,1.8,0.2,0,2
365,4,16,4,0,0.0,0.0,0.0,0,2
365,5,17,1,0,6.0,1.8,0.2,10,2
365,5,17,2,1,1.7,3.6,1.0,0,2
365,5,17,3,0,4.5,3.6,0.5,5,2
365,5,17,4,0,0.0,0.0,0.0,0,2
365,6,18,1,1,1.7,3.6,1.0,0,1
365,6,18,2,0,6.0,3.6,0.5,5,1
365,6,18,3,0,4.5,0.8,0.2,10,1
365,6,18,4,0,0.0,0.0,0.0,0,1
371,4,13,1,1,4.5,0.8,1.0,5,1
371,4,13,2,0,4.5,3.6,0.5,0,1
371,4,13,3,0,1.7,5.5,0.2,10,1
371,4,13,4,0,0.0,0.0,0.0,0,1
371,5,14,1,0,1.7,5.5,0.2,10,2
371,5,14,2,1,6.0,0.8,0.5,5,2
371,5,14,3,0,3.0,3.6,1.0,0,2
371,5,14,4,0,0.0,0.0,0.0,0,2
371,6,15,1,1,1.7,3.6,0.2,0,1
371,6,15,2,0,3.0,5.5,1.0,10,1
371,6,15,3,0,6.0,0.8,0.5,10,1
371,6,15,4,0,0.0,0.0,0.0,0,1
372,4,4,1,1,3.0,1.8,1.0,10,1
372,4,4,2,0,1.7,5.5,0.2,0,1
372,4,4,3,0,6.0,1.8,0.5,5,1
372,4,4,4,0,0.0,0.0,0.0,0,1
372,5,5,1,0,4.5,1.8,0.5,0,3
372,5,5,2,0,3.0,5.5,0.2,10,3
372,5,5,3,1,4.5,1.8,1.0,5,3
372,5,5,4,0,0.0,0.0,0.0,0,3
372,6,6,1,0,3.0,3.6,0.2,0,2
372,6,6,2,1,3.0,0.8,0.5,10,2
372,6,6,3,0,6.0,3.6,1.0,5,2
372,6,6,4,0,0.0,0.0,0.0,0,2
377,4,7,1,0,3.0,5.5,1.0,10,2
377,4,7,2,1,4.5,1.8,0.5,5,2
377,4,7,3,0,4.5,0.8,0.2,0,2
377,4,7,4,0,0.0,0.0,0.0,0,2
377,5,8,1,0,6.0,0.8,1.0,5,3
377,5,8,2,0,3.0,3.6,0.2,0,3
377,5,8,3,1,3.0,5.5,0.5,10,3
377,5,8,4,0,0.0,0.0,0.0,0,3
377,6,9,1,0,3.0,5.5,0.5,5,3
377,6,9,2,0,4.5,3.6,0.2,0,3
377,6,9,3,1,3.0,0.8,1.0,10,3
377,6,9,4,0,0.0,0.0,0.0,0,3
380,4,10,1,0,6.0,1.8,0.5,0,3
380,4,10,2,0,3.0,1.8,0.2,10,3
380,4,10,3,1,3.0,5.5,1.0,5,3
380,4,10,4,0,0.0,0.0,0.0,0,3
380,5,11,1,0,6.0,3.6,1.0,5,3
380,5,11,2,0,4.5,1.8,0.2,10,3
380,5,11,3,1,1.7,3.6,0.5,0,3
380,5,11,4,0,0.0,0.0,0.0,0,3
380,6,12,1,0,4.5,0.8,0.2,0,3
380,6,12,2,0,6.0,3.6,0.5,10,3
380,6,12,3,1,1.7,5.5,1.0,0,3
380,6,12,4,0,0.0,0.0,0.0,0,3
384,4,16,1,0,4.5,3.6,0.5,10,2
384,4,16,2,1,1.7,3.6,1.0,5,2
384,4,16,3,0,6.0,1.8,0.2,0,2
384,4,16,4,0,0.0,0.0,0.0,0,2
384,5,17,1,0,6.0,1.8,0.2,10,2
384,5,17,2,1,1.7,3.6,1.0,0,2
384,5,17,3,0,4.5,3.6,0.5,5,2
384,5,17,4,0,0.0,0.0,0.0,0,2
384,6,18,1,0,1.7,3.6,1.0,0,3
384,6,18,2,0,6.0,3.6,0.5,5,3
384,6,18,3,1,4.5,0.8,0.2,10,3
384,6,18,4,0,0.0,0.0,0.0,0,3
388,4,1,1,0,6.0,0.8,0.5,10,2
388,4,1,2,1,1.7,5.5,1.0,5,2
388,4,1,3,0,6.0,3.6,0.2,0,2
388,4,1,4,0,0.0,0.0,0.0,0,2
388,5,2,1,0,6.0,3.6,0.5,5,3
388,5,2,2,0,4.5,0.8,1.0,0,3
388,5,2,3,1,1.7,3.6,0.2,10,3
388,5,2,4,0,0.0,0.0,0.0,0,3
388,6,3,1,1,1.7,5.5,0.2,5,1
388,6,3,2,0,6.0,1.8,1.0,5,1
388,6,3,3,0,3.0,1.8,0.5,5,1
388,6,3,4,0,0.0,0.0,0.0,0,1
389,4,4,1,1,3.0,1.8,1.0,10,1
389,4,4,2,0,1.7,5.5,0.2,0,1
389,4,4,3,0,6.0,1.8,0.5,5,1
389,4,4,4,0,0.0,0.0,0.0,0,1
389,5,5,1,1,4.5,1.8,0.5,0,1
389,5,5,2,0,3.0,5.5,0.2,10,1
389,5,5,3,0,4.5,1.8,1.0,5,1
389,5,5,4,0,0.0,0.0,0.0,0,1
389,6,6,1,0,3.0,3.6,0.2,0,2
389,6,6,2,1,3.0,0.8,0.5,10,2
389,6,6,3,0,6.0,3.6,1.0,5,2
389,6,6,4,0,0.0,0.0,0.0,0,2
391,4,16,1,0,4.5,3.6,0.5,10,2
391,4,16,2,1,1.7,3.6,1.0,5,2
391,4,16,3,0,6.0,1.8,0.2,0,2
391,4,16,4,0,0.0,0.0,0.0,0,2
391,5,17,1,0,6.0,1.8,0.2,10,2
391,5,17,2,1,1.7,3.6,1.0,0,2
391,5,17,3,0,4.5,3.6,0.5,5,2
391,5,17,4,0,0.0,0.0,0.0,0,2
391,6,18,1,1,1.7,3.6,1.0,0,1
391,6,18,2,0,6.0,3.6,0.5,5,1
391,6,18,3,0,4.5,0.8,0.2,10,1
391,6,18,4,0,0.0,0.0,0.0,0,1
393,4,13,1,0,4.5,0.8,1.0,5,2
393,4,13,2,1,4.5,3.6,0.5,0,2
393,4,13,3,0,1.7,5.5,0.2,10,2
393,4,13,4,0,0.0,0.0,0.0,0,2
393,5,14,1,0,1.7,5.5,0.2,10,3
393,5,14,2,0,6.0,0.8,0.5,5,3
393,5,14,3,1,3.0,3.6,1.0,0,3
393,5,14,4,0,0.0,0.0,0.0,0,3
393,6,15,1,1,1.7,3.6,0.2,0,1
393,6,15,2,0,3.0,5.5,1.0,10,1
393,6,15,3,0,6.0,0.8,0.5,10,1
393,6,15,4,0,0.0,0.0,0.0,0,1
395,4,10,1,0,6.0,1.8,0.5,0,3
395,4,10,2,0,3.0,1.8,0.2,10,3
395,4,10,3,1,3.0,5.5,1.0,5,3
395,4,10,4,0,0.0,0.0,0.0,0,3
395,5,11,1,0,6.0,3.6,1.0,5,3
395,5,11,2,0,4.5,1.8,0.2,10,3
395,5,11,3,1,1.7,3.6,0.5,0,3
395,5,11,4,0,0.0,0.0,0.0,0,3
395,6,12,1,0,4.5,0.8,0.2,0,3
395,6,12,2,0,6.0,3.6,0.5,10,3
395,6,12,3,1,1.7,5.5,1.0,0,3
395,6,12,4,0,0.0,0.0,0.0,0,3
397,4,7,1,0,3.0,5.5,1.0,10,2
397,4,7,2,1,4.5,1.8,0.5,5,2
397,4,7,3,0,4.5,0.8,0.2,0,2
397,4,7,4,0,0.0,0.0,0.0,0,2
397,5,8,1,1,6.0,0.8,1.0,5,1
397,5,8,2,0,3.0,3.6,0.2,0,1
397,5,8,3,0,3.0,5.5,0.5,10,1
397,5,8,4,0,0.0,0.0,0.0,0,1
397,6,9,1,1,3.0,5.5,0.5,5,1
397,6,9,2,0,4.5,3.6,0.2,0,1
397,6,9,3,0,3.0,0.8,1.0,10,1
397,6,9,4,0,0.0,0.0,0.0,0,1
401,4,16,1,0,4.5,3.6,0.5,10,2
401,4,16,2,1,1.7,3.6,1.0,5,2
401,4,16,3,0,6.0,1.8,0.2,0,2
401,4,16,4,0,0.0,0.0,0.0,0,2
401,5,17,1,0,6.0,1.8,0.2,10,2
401,5,17,2,1,1.7,3.6,1.0,0,2
401,5,17,3,0,4.5,3.6,0.5,5,2
401,5,17,4,0,0.0,0.0,0.0,0,2
401,6,18,1,1,1.7,3.6,1.0,0,1
401,6,18,2,0,6.0,3.6,0.5,5,1
401,6,18,3,0,4.5,0.8,0.2,10,1
401,6,18,4,0,0.0,0.0,0.0,0,1
406,4,7,1,0,3.0,5.5,1.0,10,2
406,4,7,2,1,4.5,1.8,0.5,5,2
406,4,7,3,0,4.5,0.8,0.2,0,2
406,4,7,4,0,0.0,0.0,0.0,0,2
406,5,8,1,0,6.0,0.8,1.0,5,3
406,5,8,2,0,3.0,3.6,0.2,0,3
406,5,8,3,1,3.0,5.5,0.5,10,3
406,5,8,4,0,0.0,0.0,0.0,0,3
406,6,9,1,0,3.0,5.5,0.5,5,2
406,6,9,2,1,4.5,3.6,0.2,0,2
406,6,9,3,0,3.0,0.8,1.0,10,2
406,6,9,4,0,0.0,0.0,0.0,0,2
410,4,10,1,1,6.0,1.8,0.5,0,1
410,4,10,2,0,3.0,1.8,0.2,10,1
410,4,10,3,0,3.0,5.5,1.0,5,1
410,4,10,4,0,0.0,0.0,0.0,0,1
410,5,11,1,0,6.0,3.6,1.0,5,2
410,5,11,2,1,4.5,1.8,0.2,10,2
410,5,11,3,0,1.7,3.6,0.5,0,2
410,5,11,4,0,0.0,0.0,0.0,0,2
410,6,12,1,1,4.5,0.8,0.2,0,1
410,6,12,2,0,6.0,3.6,0.5,10,1
410,6,12,3,0,1.7,5.5,1.0,0,1
410,6,12,4,0,0.0,0.0,0.0,0,1
411,4,13,1,0,4.5,0.8,1.0,5,2
411,4,13,2,1,4.5,3.6,0.5,0,2
411,4,13,3,0,1.7,5.5,0.2,10,2
411,4,13,4,0,0.0,0.0,0.0,0,2
411,5,14,1,0,1.7,5.5,0.2,10,3
411,5,14,2,0,6.0,0.8,0.5,5,3
411,5,14,3,1,3.0,3.6,1.0,0,3
411,5,14,4,0,0.0,0.0,0.0,0,3
411,6,15,1,1,1.7,3.6,0.2,0,1
411,6,15,2,0,3.0,5.5,1.0,10,1
411,6,15,3,0,6.0,0.8,0.5,10,1
411,6,15,4,0,0.0,0.0,0.0,0,1
416,4,4,1,1,3.0,1.8,1.0,10,1
416,4,4,2,0,1.7,5.5,0.2,0,1
416,4,4,3,0,6.0,1.8,0.5,5,1
416,4,4,4,0,0.0,0.0,0.0,0,1
416,5,5,1,0,4.5,1.8,0.5,0,3
416,5,5,2,0,3.0,5.5,0.2,10,3
416,5,5,3,1,4.5,1.8,1.0,5,3
416,5,5,4,0,0.0,0.0,0.0,0,3
416,6,6,1,0,3.0,3.6,0.2,0,2
416,6,6,2,1,3.0,0.8,0.5,10,2
416,6,6,3,0,6.0,3.6,1.0,5,2
416,6,6,4,0,0.0,0.0,0.0,0,2
421,4,16,1,0,4.5,3.6,0.5,10,3
421,4,16,2,0,1.7,3.6,1.0,5,3
421,4,16,3,1,6.0,1.8,0.2,0,3
421,4,16,4,0,0.0,0.0,0.0,0,3
421,5,17,1,0,6.0,1.8,0.2,10,3
421,5,17,2,0,1.7,3.6,1.0,0,3
421,5,17,3,1,4.5,3.6,0.5,5,3
421,5,17,4,0,0.0,0.0,0.0,0,3
421,6,18,1,1,1.7,3.6,1.0,0,1
421,6,18,2,0,6.0,3.6,0.5,5,1
421,6,18,3,0,4.5,0.8,0.2,10,1
421,6,18,4,0,0.0,0.0,0.0,0,1
419,4,1,1,0,6.0,0.8,0.5,10,2
419,4,1,2,1,1.7,5.5,1.0,5,2
419,4,1,3,0,6.0,3.6,0.2,0,2
419,4,1,4,0,0.0,0.0,0.0,0,2
419,5,2,1,0,6.0,3.6,0.5,5,3
419,5,2,2,0,4.5,0.8,1.0,0,3
419,5,2,3,1,1.7,3.6,0.2,10,3
419,5,2,4,0,0.0,0.0,0.0,0,3
419,6,3,1,0,1.7,5.5,0.2,5,3
419,6,3,2,0,6.0,1.8,1.0,5,3
419,6,3,3,1,3.0,1.8,0.5,5,3
419,6,3,4,0,0.0,0.0,0.0,0,3
424,4,10,1,0,6.0,1.8,0.5,0,4
424,4,10,2,0,3.0,1.8,0.2,10,4
424,4,10,3,0,3.0,5.5,1.0,5,4
424,4,10,4,1,0.0,0.0,0.0,0,4
424,5,11,1,0,6.0,3.6,1.0,5,4
424,5,11,2,0,4.5,1.8,0.2,10,4
424,5,11,3,0,1.7,3.6,0.5,0,4
424,5,11,4,1,0.0,0.0,0.0,0,4
424,6,12,1,0,4.5,0.8,0.2,0,4
424,6,12,2,0,6.0,3.6,0.5,10,4
424,6,12,3,0,1.7,5.5,1.0,0,4
424,6,12,4,1,0.0,0.0,0.0,0,4
426,4,13,1,0,4.5,0.8,1.0,5,2
426,4,13,2,1,4.5,3.6,0.5,0,2
426,4,13,3,0,1.7,5.5,0.2,10,2
426,4,13,4,0,0.0,0.0,0.0,0,2
426,5,14,1,0,1.7,5.5,0.2,10,3
426,5,14,2,0,6.0,0.8,0.5,5,3
426,5,14,3,1,3.0,3.6,1.0,0,3
426,5,14,4,0,0.0,0.0,0.0,0,3
426,6,15,1,1,1.7,3.6,0.2,0,1
426,6,15,2,0,3.0,5.5,1.0,10,1
426,6,15,3,0,6.0,0.8,0.5,10,1
426,6,15,4,0,0.0,0.0,0.0,0,1
429,4,1,1,0,6.0,0.8,0.5,10,2
429,4,1,2,1,1.7,5.5,1.0,5,2
429,4,1,3,0,6.0,3.6,0.2,0,2
429,4,1,4,0,0.0,0.0,0.0,0,2
429,5,2,1,0,6.0,3.6,0.5,5,2
429,5,2,2,1,4.5,0.8,1.0,0,2
429,5,2,3,0,1.7,3.6,0.2,10,2
429,5,2,4,0,0.0,0.0,0.0,0,2
429,6,3,1,0,1.7,5.5,0.2,5,3
429,6,3,2,0,6.0,1.8,1.0,5,3
429,6,3,3,1,3.0,1.8,0.5,5,3
429,6,3,4,0,0.0,0.0,0.0,0,3
432,4,7,1,0,3.0,5.5,1.0,10,2
432,4,7,2,1,4.5,1.8,0.5,5,2
432,4,7,3,0,4.5,0.8,0.2,0,2
432,4,7,4,0,0.0,0.0,0.0,0,2
432,5,8,1,0,6.0,0.8,1.0,5,3
432,5,8,2,0,3.0,3.6,0.2,0,3
432,5,8,3,1,3.0,5.5,0.5,10,3
432,5,8,4,0,0.0,0.0,0.0,0,3
432,6,9,1,1,3.0,5.5,0.5,5,1
432,6,9,2,0,4.5,3.6,0.2,0,1
432,6,9,3,0,3.0,0.8,1.0,10,1
432,6,9,4,0,0.0,0.0,0.0,0,1
439,4,4,1,1,3.0,1.8,1.0,10,1
439,4,4,2,0,1.7,5.5,0.2,0,1
439,4,4,3,0,6.0,1.8,0.5,5,1
439,4,4,4,0,0.0,0.0,0.0,0,1
439,5,5,1,1,4.5,1.8,0.5,0,1
439,5,5,2,0,3.0,5.5,0.2,10,1
439,5,5,3,0,4.5,1.8,1.0,5,1
439,5,5,4,0,0.0,0.0,0.0,0,1
439,6,6,1,0,3.0,3.6,0.2,0,3
439,6,6,2,0,3.0,0.8,0.5,10,3
439,6,6,3,1,6.0,3.6,1.0,5,3
439,6,6,4,0,0.0,0.0,0.0,0,3
442,4,4,1,1,3.0,1.8,1.0,10,1
442,4,4,2,0,1.7,5.5,0.2,0,1
442,4,4,3,0,6.0,1.8,0.5,5,1
442,4,4,4,0,0.0,0.0,0.0,0,1
442,5,5,1,0,4.5,1.8,0.5,0,2
442,5,5,2,1,3.0,5.5,0.2,10,2
442,5,5,3,0,4.5,1.8,1.0,5,2
442,5,5,4,0,0.0,0.0,0.0,0,2
442,6,6,1,0,3.0,3.6,0.2,0,2
442,6,6,2,1,3.0,0.8,0.5,10,2
442,6,6,3,0,6.0,3.6,1.0,5,2
442,6,6,4,0,0.0,0.0,0.0,0,2
444,4,1,1,0,6.0,0.8,0.5,10,2
444,4,1,2,1,1.7,5.5,1.0,5,2
444,4,1,3,0,6.0,3.6,0.2,0,2
444,4,1,4,0,0.0,0.0,0.0,0,2
444,5,2,1,0,6.0,3.6,0.5,5,2
444,5,2,2,1,4.5,0.8,1.0,0,2
444,5,2,3,0,1.7,3.6,0.2,10,2
444,5,2,4,0,0.0,0.0,0.0,0,2
444,6,3,1,0,1.7,5.5,0.2,5,4
444,6,3,2,0,6.0,1.8,1.0,5,4
444,6,3,3,0,3.0,1.8,0.5,5,4
444,6,3,4,1,0.0,0.0,0.0,0,4
445,4,16,1,0,4.5,3.6,0.5,10,3
445,4,16,2,0,1.7,3.6,1.0,5,3
445,4,16,3,1,6.0,1.8,0.2,0,3
445,4,16,4,0,0.0,0.0,0.0,0,3
445,5,17,1,0,6.0,1.8,0.2,10,3
445,5,17,2,0,1.7,3.6,1.0,0,3
445,5,17,3,1,4.5,3.6,0.5,5,3
445,5,17,4,0,0.0,0.0,0.0,0,3
445,6,18,1,0,1.7,3.6,1.0,0,2
445,6,18,2,1,6.0,3.6,0.5,5,2
445,6,18,3,0,4.5,0.8,0.2,10,2
445,6,18,4,0,0.0,0.0,0.0,0,2
447,4,13,1,0,4.5,0.8,1.0,5,3
447,4,13,2,0,4.5,3.6,0.5,0,3
447,4,13,3,1,1.7,5.5,0.2,10,3
447,4,13,4,0,0.0,0.0,0.0,0,3
447,5,14,1,0,1.7,5.5,0.2,10,3
447,5,14,2,0,6.0,0.8,0.5,5,3
447,5,14,3,1,3.0,3.6,1.0,0,3
447,5,14,4,0,0.0,0.0,0.0,0,3
447,6,15,1,0,1.7,3.6,0.2,0,3
447,6,15,2,0,3.0,5.5,1.0,10,3
447,6,15,3,1,6.0,0.8,0.5,10,3
447,6,15,4,0,0.0,0.0,0.0,0,3
448,4,10,1,0,6.0,1.8,0.5,0,3
448,4,10,2,0,3.0,1.8,0.2,10,3
448,4,10,3,1,3.0,5.5,1.0,5,3
448,4,10,4,0,0.0,0.0,0.0,0,3
448,5,11,1,0,6.0,3.6,1.0,5,3
448,5,11,2,0,4.5,1.8,0.2,10,3
448,5,11,3,1,1.7,3.6,0.5,0,3
448,5,11,4,0,0.0,0.0,0.0,0,3
448,6,12,1,0,4.5,0.8,0.2,0,3
448,6,12,2,0,6.0,3.6,0.5,10,3
448,6,12,3,1,1.7,5.5,1.0,0,3
448,6,12,4,0,0.0,0.0,0.0,0,3
451,4,7,1,0,3.0,5.5,1.0,10,2
451,4,7,2,1,4.5,1.8,0.5,5,2
451,4,7,3,0,4.5,0.8,0.2,0,2
451,4,7,4,0,0.0,0.0,0.0,0,2
451,5,8,1,0,6.0,0.8,1.0,5,4
451,5,8,2,0,3.0,3.6,0.2,0,4
451,5,8,3,0,3.0,5.5,0.5,10,4
451,5,8,4,1,0.0,0.0,0.0,0,4
451,6,9,1,0,3.0,5.5,0.5,5,3
451,6,9,2,0,4.5,3.6,0.2,0,3
451,6,9,3,1,3.0,0.8,1.0,10,3
451,6,9,4,0,0.0,0.0,0.0,0,3
452,4,10,1,0,6.0,1.8,0.5,0,4
452,4,10,2,0,3.0,1.8,0.2,10,4
452,4,10,3,0,3.0,5.5,1.0,5,4
452,4,10,4,1,0.0,0.0,0.0,0,4
452,5,11,1,0,6.0,3.6,1.0,5,4
452,5,11,2,0,4.5,1.8,0.2,10,4
452,5,11,3,0,1.7,3.6,0.5,0,4
452,5,11,4,1,0.0,0.0,0.0,0,4
452,6,12,1,0,4.5,0.8,0.2,0,4
452,6,12,2,0,6.0,3.6,0.5,10,4
452,6,12,3,0,1.7,5.5,1.0,0,4
452,6,12,4,1,0.0,0.0,0.0,0,4
455,4,16,1,0,4.5,3.6,0.5,10,2
455,4,16,2,1,1.7,3.6,1.0,5,2
455,4,16,3,0,6.0,1.8,0.2,0,2
455,4,16,4,0,0.0,0.0,0.0,0,2
455,5,17,1,0,6.0,1.8,0.2,10,2
455,5,17,2,1,1.7,3.6,1.0,0,2
455,5,17,3,0,4.5,3.6,0.5,5,2
455,5,17,4,0,0.0,0.0,0.0,0,2
455,6,18,1,1,1.7,3.6,1.0,0,1
455,6,18,2,0,6.0,3.6,0.5,5,1
455,6,18,3,0,4.5,0.8,0.2,10,1
455,6,18,4,0,0.0,0.0,0.0,0,1
453,4,4,1,0,3.0,1.8,1.0,10,2
453,4,4,2,1,1.7,5.5,0.2,0,2
453,4,4,3,0,6.0,1.8,0.5,5,2
453,4,4,4,0,0.0,0.0,0.0,0,2
453,5,5,1,0,4.5,1.8,0.5,0,2
453,5,5,2,1,3.0,5.5,0.2,10,2
453,5,5,3,0,4.5,1.8,1.0,5,2
453,5,5,4,0,0.0,0.0,0.0,0,2
453,6,6,1,1,3.0,3.6,0.2,0,1
453,6,6,2,0,3.0,0.8,0.5,10,1
453,6,6,3,0,6.0,3.6,1.0,5,1
453,6,6,4,0,0.0,0.0,0.0,0,1
458,4,13,1,0,4.5,0.8,1.0,5,2
458,4,13,2,1,4.5,3.6,0.5,0,2
458,4,13,3,0,1.7,5.5,0.2,10,2
458,4,13,4,0,0.0,0.0,0.0,0,2
458,5,14,1,0,1.7,5.5,0.2,10,2
458,5,14,2,1,6.0,0.8,0.5,5,2
458,5,14,3,0,3.0,3.6,1.0,0,2
458,5,14,4,0,0.0,0.0,0.0,0,2
458,6,15,1,0,1.7,3.6,0.2,0,2
458,6,15,2,1,3.0,5.5,1.0,10,2
458,6,15,3,0,6.0,0.8,0.5,10,2
458,6,15,4,0,0.0,0.0,0.0,0,2
457,4,4,1,1,3.0,1.8,1.0,10,1
457,4,4,2,0,1.7,5.5,0.2,0,1
457,4,4,3,0,6.0,1.8,0.5,5,1
457,4,4,4,0,0.0,0.0,0.0,0,1
457,5,5,1,0,4.5,1.8,0.5,0,3
457,5,5,2,0,3.0,5.5,0.2,10,3
457,5,5,3,1,4.5,1.8,1.0,5,3
457,5,5,4,0,0.0,0.0,0.0,0,3
457,6,6,1,0,3.0,3.6,0.2,0,2
457,6,6,2,1,3.0,0.8,0.5,10,2
457,6,6,3,0,6.0,3.6,1.0,5,2
457,6,6,4,0,0.0,0.0,0.0,0,2
459,4,7,1,0,3.0,5.5,1.0,10,3
459,4,7,2,0,4.5,1.8,0.5,5,3
459,4,7,3,1,4.5,0.8,0.2,0,3
459,4,7,4,0,0.0,0.0,0.0,0,3
459,5,8,1,0,6.0,0.8,1.0,5,2
459,5,8,2,1,3.0,3.6,0.2,0,2
459,5,8,3,0,3.0,5.5,0.5,10,2
459,5,8,4,0,0.0,0.0,0.0,0,2
459,6,9,1,0,3.0,5.5,0.5,5,3
459,6,9,2,0,4.5,3.6,0.2,0,3
459,6,9,3,1,3.0,0.8,1.0,10,3
459,6,9,4,0,0.0,0.0,0.0,0,3
460,4,7,1,0,3.0,5.5,1.0,10,2
460,4,7,2,1,4.5,1.8,0.5,5,2
460,4,7,3,0,4.5,0.8,0.2,0,2
460,4,7,4,0,0.0,0.0,0.0,0,2
460,5,8,1,0,6.0,0.8,1.0,5,2
460,5,8,2,1,3.0,3.6,0.2,0,2
460,5,8,3,0,3.0,5.5,0.5,10,2
460,5,8,4,0,0.0,0.0,0.0,0,2
460,6,9,1,0,3.0,5.5,0.5,5,4
460,6,9,2,0,4.5,3.6,0.2,0,4
460,6,9,3,0,3.0,0.8,1.0,10,4
460,6,9,4,1,0.0,0.0,0.0,0,4
461,4,1,1,0,6.0,0.8,0.5,10,3
461,4,1,2,0,1.7,5.5,1.0,5,3
461,4,1,3,1,6.0,3.6,0.2,0,3
461,4,1,4,0,0.0,0.0,0.0,0,3
461,5,2,1,0,6.0,3.6,0.5,5,2
461,5,2,2,1,4.5,0.8,1.0,0,2
461,5,2,3,0,1.7,3.6,0.2,10,2
461,5,2,4,0,0.0,0.0,0.0,0,2
461,6,3,1,0,1.7,5.5,0.2,5,3
461,6,3,2,0,6.0,1.8,1.0,5,3
461,6,3,3,1,3.0,1.8,0.5,5,3
461,6,3,4,0,0.0,0.0,0.0,0,3
463,4,1,1,0,6.0,0.8,0.5,10,2
463,4,1,2,1,1.7,5.5,1.0,5,2
463,4,1,3,0,6.0,3.6,0.2,0,2
463,4,1,4,0,0.0,0.0,0.0,0,2
463,5,2,1,0,6.0,3.6,0.5,5,2
463,5,2,2,1,4.5,0.8,1.0,0,2
463,5,2,3,0,1.7,3.6,0.2,10,2
463,5,2,4,0,0.0,0.0,0.0,0,2
463,6,3,1,0,1.7,5.5,0.2,5,3
463,6,3,2,0,6.0,1.8,1.0,5,3
463,6,3,3,1,3.0,1.8,0.5,5,3
463,6,3,4,0,0.0,0.0,0.0,0,3
470,4,4,1,1,3.0,1.8,1.0,10,1
470,4,4,2,0,1.7,5.5,0.2,0,1
470,4,4,3,0,6.0,1.8,0.5,5,1
470,4,4,4,0,0.0,0.0,0.0,0,1
470,5,5,1,1,4.5,1.8,0.5,0,1
470,5,5,2,0,3.0,5.5,0.2,10,1
470,5,5,3,0,4.5,1.8,1.0,5,1
470,5,5,4,0,0.0,0.0,0.0,0,1
470,6,6,1,0,3.0,3.6,0.2,0,2
470,6,6,2,1,3.0,0.8,0.5,10,2
470,6,6,3,0,6.0,3.6,1.0,5,2
470,6,6,4,0,0.0,0.0,0.0,0,2
468,4,16,1,0,4.5,3.6,0.5,10,2
468,4,16,2,1,1.7,3.6,1.0,5,2
468,4,16,3,0,6.0,1.8,0.2,0,2
468,4,16,4,0,0.0,0.0,0.0,0,2
468,5,17,1,0,6.0,1.8,0.2,10,2
468,5,17,2,1,1.7,3.6,1.0,0,2
468,5,17,3,0,4.5,3.6,0.5,5,2
468,5,17,4,0,0.0,0.0,0.0,0,2
468,6,18,1,1,1.7,3.6,1.0,0,1
468,6,18,2,0,6.0,3.6,0.5,5,1
468,6,18,3,0,4.5,0.8,0.2,10,1
468,6,18,4,0,0.0,0.0,0.0,0,1
480,4,10,1,1,6.0,1.8,0.5,0,1
480,4,10,2,0,3.0,1.8,0.2,10,1
480,4,10,3,0,3.0,5.5,1.0,5,1
480,4,10,4,0,0.0,0.0,0.0,0,1
480,5,11,1,0,6.0,3.6,1.0,5,3
480,5,11,2,0,4.5,1.8,0.2,10,3
480,5,11,3,1,1.7,3.6,0.5,0,3
480,5,11,4,0,0.0,0.0,0.0,0,3
480,6,12,1,0,4.5,0.8,0.2,0,2
480,6,12,2,1,6.0,3.6,0.5,10,2
480,6,12,3,0,1.7,5.5,1.0,0,2
480,6,12,4,0,0.0,0.0,0.0,0,2
483,4,10,1,1,6.0,1.8,0.5,0,1
483,4,10,2,0,3.0,1.8,0.2,10,1
483,4,10,3,0,3.0,5.5,1.0,5,1
483,4,10,4,0,0.0,0.0,0.0,0,1
483,5,11,1,0,6.0,3.6,1.0,5,3
483,5,11,2,0,4.5,1.8,0.2,10,3
483,5,11,3,1,1.7,3.6,0.5,0,3
483,5,11,4,0,0.0,0.0,0.0,0,3
483,6,12,1,1,4.5,0.8,0.2,0,1
483,6,12,2,0,6.0,3.6,0.5,10,1
483,6,12,3,0,1.7,5.5,1.0,0,1
483,6,12,4,0,0.0,0.0,0.0,0,1
486,4,16,1,0,4.5,3.6,0.5,10,2
486,4,16,2,1,1.7,3.6,1.0,5,2
486,4,16,3,0,6.0,1.8,0.2,0,2
486,4,16,4,0,0.0,0.0,0.0,0,2
486,5,17,1,0,6.0,1.8,0.2,10,2
486,5,17,2,1,1.7,3.6,1.0,0,2
486,5,17,3,0,4.5,3.6,0.5,5,2
486,5,17,4,0,0.0,0.0,0.0,0,2
486,6,18,1,1,1.7,3.6,1.0,0,1
486,6,18,2,0,6.0,3.6,0.5,5,1
486,6,18,3,0,4.5,0.8,0.2,10,1
486,6,18,4,0,0.0,0.0,0.0,0,1
493,4,13,1,1,4.5,0.8,1.0,5,1
493,4,13,2,0,4.5,3.6,0.5,0,1
493,4,13,3,0,1.7,5.5,0.2,10,1
493,4,13,4,0,0.0,0.0,0.0,0,1
493,5,14,1,0,1.7,5.5,0.2,10,3
493,5,14,2,0,6.0,0.8,0.5,5,3
493,5,14,3,1,3.0,3.6,1.0,0,3
493,5,14,4,0,0.0,0.0,0.0,0,3
493,6,15,1,0,1.7,3.6,0.2,0,2
493,6,15,2,1,3.0,5.5,1.0,10,2
493,6,15,3,0,6.0,0.8,0.5,10,2
493,6,15,4,0,0.0,0.0,0.0,0,2
494,4,13,1,1,4.5,0.8,1.0,5,1
494,4,13,2,0,4.5,3.6,0.5,0,1
494,4,13,3,0,1.7,5.5,0.2,10,1
494,4,13,4,0,0.0,0.0,0.0,0,1
494,5,14,1,0,1.7,5.5,0.2,10,3
494,5,14,2,0,6.0,0.8,0.5,5,3
494,5,14,3,1,3.0,3.6,1.0,0,3
494,5,14,4,0,0.0,0.0,0.0,0,3
494,6,15,1,1,1.7,3.6,0.2,0,1
494,6,15,2,0,3.0,5.5,1.0,10,1
494,6,15,3,0,6.0,0.8,0.5,10,1
494,6,15,4,0,0.0,0.0,0.0,0,1
498,4,1,1,0,6.0,0.8,0.5,10,2
498,4,1,2,1,1.7,5.5,1.0,5,2
498,4,1,3,0,6.0,3.6,0.2,0,2
498,4,1,4,0,0.0,0.0,0.0,0,2
498,5,2,1,0,6.0,3.6,0.5,5,3
498,5,2,2,0,4.5,0.8,1.0,0,3
498,5,2,3,1,1.7,3.6,0.2,10,3
498,5,2,4,0,0.0,0.0,0.0,0,3
498,6,3,1,0,1.7,5.5,0.2,5,2
498,6,3,2,1,6.0,1.8,1.0,5,2
498,6,3,3,0,3.0,1.8,0.5,5,2
498,6,3,4,0,0.0,0.0,0.0,0,2
500,4,4,1,0,3.0,1.8,1.0,10,2
500,4,4,2,1,1.7,5.5,0.2,0,2
500,4,4,3,0,6.0,1.8,0.5,5,2
500,4,4,4,0,0.0,0.0,0.0,0,2
500,5,5,1,0,4.5,1.8,0.5,0,2
500,5,5,2,1,3.0,5.5,0.2,10,2
500,5,5,3,0,4.5,1.8,1.0,5,2
500,5,5,4,0,0.0,0.0,0.0,0,2
500,6,6,1,1,3.0,3.6,0.2,0,1
500,6,6,2,0,3.0,0.8,0.5,10,1
500,6,6,3,0,6.0,3.6,1.0,5,1
500,6,6,4,0,0.0,0.0,0.0,0,1
503,4,7,1,1,3.0,5.5,1.0,10,1
503,4,7,2,0,4.5,1.8,0.5,5,1
503,4,7,3,0,4.5,0.8,0.2,0,1
503,4,7,4,0,0.0,0.0,0.0,0,1
503,5,8,1,0,6.0,0.8,1.0,5,2
503,5,8,2,1,3.0,3.6,0.2,0,2
503,5,8,3,0,3.0,5.5,0.5,10,2
503,5,8,4,0,0.0,0.0,0.0,0,2
503,6,9,1,1,3.0,5.5,0.5,5,1
503,6,9,2,0,4.5,3.6,0.2,0,1
503,6,9,3,0,3.0,0.8,1.0,10,1
503,6,9,4,0,0.0,0.0,0.0,0,1
504,4,4,1,1,3.0,1.8,1.0,10,1
504,4,4,2,0,1.7,5.5,0.2,0,1
504,4,4,3,0,6.0,1.8,0.5,5,1
504,4,4,4,0,0.0,0.0,0.0,0,1
504,5,5,1,1,4.5,1.8,0.5,0,1
504,5,5,2,0,3.0,5.5,0.2,10,1
504,5,5,3,0,4.5,1.8,1.0,5,1
504,5,5,4,0,0.0,0.0,0.0,0,1
504,6,6,1,0,3.0,3.6,0.2,0,2
504,6,6,2,1,3.0,0.8,0.5,10,2
504,6,6,3,0,6.0,3.6,1.0,5,2
504,6,6,4,0,0.0,0.0,0.0,0,2
510,4,7,1,0,3.0,5.5,1.0,10,3
510,4,7,2,0,4.5,1.8,0.5,5,3
510,4,7,3,1,4.5,0.8,0.2,0,3
510,4,7,4,0,0.0,0.0,0.0,0,3
510,5,8,1,0,6.0,0.8,1.0,5,2
510,5,8,2,1,3.0,3.6,0.2,0,2
510,5,8,3,0,3.0,5.5,0.5,10,2
510,5,8,4,0,0.0,0.0,0.0,0,2
510,6,9,1,0,3.0,5.5,0.5,5,3
510,6,9,2,0,4.5,3.6,0.2,0,3
510,6,9,3,1,3.0,0.8,1.0,10,3
510,6,9,4,0,0.0,0.0,0.0,0,3
515,4,10,1,0,6.0,1.8,0.5,0,3
515,4,10,2,0,3.0,1.8,0.2,10,3
515,4,10,3,1,3.0,5.5,1.0,5,3
515,4,10,4,0,0.0,0.0,0.0,0,3
515,5,11,1,0,6.0,3.6,1.0,5,3
515,5,11,2,0,4.5,1.8,0.2,10,3
515,5,11,3,1,1.7,3.6,0.5,0,3
515,5,11,4,0,0.0,0.0,0.0,0,3
515,6,12,1,1,4.5,0.8,0.2,0,1
515,6,12,2,0,6.0,3.6,0.5,10,1
515,6,12,3,0,1.7,5.5,1.0,0,1
515,6,12,4,0,0.0,0.0,0.0,0,1
511,4,1,1,1,6.0,0.8,0.5,10,1
511,4,1,2,0,1.7,5.5,1.0,5,1
511,4,1,3,0,6.0,3.6,0.2,0,1
511,4,1,4,0,0.0,0.0,0.0,0,1
511,5,2,1,0,6.0,3.6,0.5,5,2
511,5,2,2,1,4.5,0.8,1.0,0,2
511,5,2,3,0,1.7,3.6,0.2,10,2
511,5,2,4,0,0.0,0.0,0.0,0,2
511,6,3,1,1,1.7,5.5,0.2,5,1
511,6,3,2,0,6.0,1.8,1.0,5,1
511,6,3,3,0,3.0,1.8,0.5,5,1
511,6,3,4,0,0.0,0.0,0.0,0,1
513,4,4,1,1,3.0,1.8,1.0,10,1
513,4,4,2,0,1.7,5.5,0.2,0,1
513,4,4,3,0,6.0,1.8,0.5,5,1
513,4,4,4,0,0.0,0.0,0.0,0,1
513,5,5,1,1,4.5,1.8,0.5,0,1
513,5,5,2,0,3.0,5.5,0.2,10,1
513,5,5,3,0,4.5,1.8,1.0,5,1
513,5,5,4,0,0.0,0.0,0.0,0,1
513,6,6,1,0,3.0,3.6,0.2,0,2
513,6,6,2,1,3.0,0.8,0.5,10,2
513,6,6,3,0,6.0,3.6,1.0,5,2
513,6,6,4,0,0.0,0.0,0.0,0,2
525,4,4,1,0,3.0,1.8,1.0,10,3
525,4,4,2,0,1.7,5.5,0.2,0,3
525,4,4,3,1,6.0,1.8,0.5,5,3
525,4,4,4,0,0.0,0.0,0.0,0,3
525,5,5,1,1,4.5,1.8,0.5,0,1
525,5,5,2,0,3.0,5.5,0.2,10,1
525,5,5,3,0,4.5,1.8,1.0,5,1
525,5,5,4,0,0.0,0.0,0.0,0,1
525,6,6,1,0,3.0,3.6,0.2,0,2
525,6,6,2,1,3.0,0.8,0.5,10,2
525,6,6,3,0,6.0,3.6,1.0,5,2
525,6,6,4,0,0.0,0.0,0.0,0,2
530,4,7,1,1,3.0,5.5,1.0,10,1
530,4,7,2,0,4.5,1.8,0.5,5,1
530,4,7,3,0,4.5,0.8,0.2,0,1
530,4,7,4,0,0.0,0.0,0.0,0,1
530,5,8,1,0,6.0,0.8,1.0,5,2
530,5,8,2,1,3.0,3.6,0.2,0,2
530,5,8,3,0,3.0,5.5,0.5,10,2
530,5,8,4,0,0.0,0.0,0.0,0,2
530,6,9,1,0,3.0,5.5,0.5,5,3
530,6,9,2,0,4.5,3.6,0.2,0,3
530,6,9,3,1,3.0,0.8,1.0,10,3
530,6,9,4,0,0.0,0.0,0.0,0,3
534,4,10,1,0,6.0,1.8,0.5,0,3
534,4,10,2,0,3.0,1.8,0.2,10,3
534,4,10,3,1,3.0,5.5,1.0,5,3
534,4,10,4,0,0.0,0.0,0.0,0,3
534,5,11,1,0,6.0,3.6,1.0,5,3
534,5,11,2,0,4.5,1.8,0.2,10,3
534,5,11,3,1,1.7,3.6,0.5,0,3
534,5,11,4,0,0.0,0.0,0.0,0,3
534,6,12,1,0,4.5,0.8,0.2,0,3
534,6,12,2,0,6.0,3.6,0.5,10,3
534,6,12,3,1,1.7,5.5,1.0,0,3
534,6,12,4,0,0.0,0.0,0.0,0,3
538,4,13,1,1,4.5,0.8,1.0,5,1
538,4,13,2,0,4.5,3.6,0.5,0,1
538,4,13,3,0,1.7,5.5,0.2,10,1
538,4,13,4,0,0.0,0.0,0.0,0,1
538,5,14,1,0,1.7,5.5,0.2,10,2
538,5,14,2,1,6.0,0.8,0.5,5,2
538,5,14,3,0,3.0,3.6,1.0,0,2
538,5,14,4,0,0.0,0.0,0.0,0,2
538,6,15,1,0,1.7,3.6,0.2,0,3
538,6,15,2,0,3.0,5.5,1.0,10,3
538,6,15,3,1,6.0,0.8,0.5,10,3
538,6,15,4,0,0.0,0.0,0.0,0,3
528,4,13,1,0,4.5,0.8,1.0,5,2
528,4,13,2,1,4.5,3.6,0.5,0,2
528,4,13,3,0,1.7,5.5,0.2,10,2
528,4,13,4,0,0.0,0.0,0.0,0,2
528,5,14,1,0,1.7,5.5,0.2,10,3
528,5,14,2,0,6.0,0.8,0.5,5,3
528,5,14,3,1,3.0,3.6,1.0,0,3
528,5,14,4,0,0.0,0.0,0.0,0,3
528,6,15,1,1,1.7,3.6,0.2,0,1
528,6,15,2,0,3.0,5.5,1.0,10,1
528,6,15,3,0,6.0,0.8,0.5,10,1
528,6,15,4,0,0.0,0.0,0.0,0,1
542,4,13,1,0,4.5,0.8,1.0,5,3
542,4,13,2,0,4.5,3.6,0.5,0,3
542,4,13,3,1,1.7,5.5,0.2,10,3
542,4,13,4,0,0.0,0.0,0.0,0,3
542,5,14,1,0,1.7,5.5,0.2,10,3
542,5,14,2,0,6.0,0.8,0.5,5,3
542,5,14,3,1,3.0,3.6,1.0,0,3
542,5,14,4,0,0.0,0.0,0.0,0,3
542,6,15,1,1,1.7,3.6,0.2,0,1
542,6,15,2,0,3.0,5.5,1.0,10,1
542,6,15,3,0,6.0,0.8,0.5,10,1
542,6,15,4,0,0.0,0.0,0.0,0,1
545,4,16,1,0,4.5,3.6,0.5,10,3
545,4,16,2,0,1.7,3.6,1.0,5,3
545,4,16,3,1,6.0,1.8,0.2,0,3
545,4,16,4,0,0.0,0.0,0.0,0,3
545,5,17,1,0,6.0,1.8,0.2,10,2
545,5,17,2,1,1.7,3.6,1.0,0,2
545,5,17,3,0,4.5,3.6,0.5,5,2
545,5,17,4,0,0.0,0.0,0.0,0,2
545,6,18,1,1,1.7,3.6,1.0,0,1
545,6,18,2,0,6.0,3.6,0.5,5,1
545,6,18,3,0,4.5,0.8,0.2,10,1
545,6,18,4,0,0.0,0.0,0.0,0,1
554,4,1,1,0,6.0,0.8,0.5,10,2
554,4,1,2,1,1.7,5.5,1.0,5,2
554,4,1,3,0,6.0,3.6,0.2,0,2
554,4,1,4,0,0.0,0.0,0.0,0,2
554,5,2,1,0,6.0,3.6,0.5,5,2
554,5,2,2,1,4.5,0.8,1.0,0,2
554,5,2,3,0,1.7,3.6,0.2,10,2
554,5,2,4,0,0.0,0.0,0.0,0,2
554,6,3,1,1,1.7,5.5,0.2,5,1
554,6,3,2,0,6.0,1.8,1.0,5,1
554,6,3,3,0,3.0,1.8,0.5,5,1
554,6,3,4,0,0.0,0.0,0.0,0,1
558,4,16,1,0,4.5,3.6,0.5,10,2
558,4,16,2,1,1.7,3.6,1.0,5,2
558,4,16,3,0,6.0,1.8,0.2,0,2
558,4,16,4,0,0.0,0.0,0.0,0,2
558,5,17,1,0,6.0,1.8,0.2,10,2
558,5,17,2,1,1.7,3.6,1.0,0,2
558,5,17,3,0,4.5,3.6,0.5,5,2
558,5,17,4,0,0.0,0.0,0.0,0,2
558,6,18,1,1,1.7,3.6,1.0,0,1
558,6,18,2,0,6.0,3.6,0.5,5,1
558,6,18,3,0,4.5,0.8,0.2,10,1
558,6,18,4,0,0.0,0.0,0.0,0,1
561,4,13,1,1,4.5,0.8,1.0,5,1
561,4,13,2,0,4.5,3.6,0.5,0,1
561,4,13,3,0,1.7,5.5,0.2,10,1
561,4,13,4,0,0.0,0.0,0.0,0,1
561,5,14,1,0,1.7,5.5,0.2,10,3
561,5,14,2,0,6.0,0.8,0.5,5,3
561,5,14,3,1,3.0,3.6,1.0,0,3
561,5,14,4,0,0.0,0.0,0.0,0,3
561,6,15,1,1,1.7,3.6,0.2,0,1
561,6,15,2,0,3.0,5.5,1.0,10,1
561,6,15,3,0,6.0,0.8,0.5,10,1
561,6,15,4,0,0.0,0.0,0.0,0,1
568,4,1,1,0,6.0,0.8,0.5,10,2
568,4,1,2,1,1.7,5.5,1.0,5,2
568,4,1,3,0,6.0,3.6,0.2,0,2
568,4,1,4,0,0.0,0.0,0.0,0,2
568,5,2,1,0,6.0,3.6,0.5,5,2
568,5,2,2,1,4.5,0.8,1.0,0,2
568,5,2,3,0,1.7,3.6,0.2,10,2
568,5,2,4,0,0.0,0.0,0.0,0,2
568,6,3,1,0,1.7,5.5,0.2,5,3
568,6,3,2,0,6.0,1.8,1.0,5,3
568,6,3,3,1,3.0,1.8,0.5,5,3
568,6,3,4,0,0.0,0.0,0.0,0,3
